plot,epoch,subtype,n_obs,ndvi_a0,ndvi_amp1,ndvi_pha1,ndvi_rmse,ndvi_c1,ndvi_c2,ndvi_c3,ndvi_c4,ndvi_med,ndvi_iqr,ndmi_a0,ndmi_amp1,ndmi_pha1,ndmi_rmse,ndmi_c1,ndmi_c2,ndmi_c3,ndmi_c4,ndmi_med,ndmi_iqr,crsi_a0,crsi_amp1,crsi_pha1,crsi_rmse,crsi_c1,crsi_c2,crsi_c3,crsi_c4,crsi_med,crsi_iqr,si_a0,si_amp1,si_pha1,si_rmse,si_c1,si_c2,si_c3,si_c4,si_med,si_iqr
10,baseline,Temporary ponds,73,0.24214217181686895,0.04800261175580131,0.5724267160787087,0.037515627157417825,0.040350465671795406,0.026001743315544338,-0.004757248788557352,-0.02025864431777667,0.21752983,0.06628161999999999,-0.04609503822149604,0.05653442936574778,0.8573444911109216,0.04157639193884614,0.0369988229192903,0.04274609697150986,-0.004389797223047676,-0.02637014751684619,-0.0657897,0.0859004155,0.6718020176441092,0.013996392733913341,0.213835573240447,0.03826288102635052,0.013677613122201237,0.002970169833752059,-0.0029319861618730893,-0.011066613216236766,0.6706535359567274,0.046507880421377545,0.1079753517220592,0.021188912561046835,-2.9720465872521418,0.013035167846859236,-0.020885094552764893,-0.0035753099224764434,-0.0008259548242268374,0.0032621887797208067,0.1164866391211885,0.030347400994154505
10,present,Temporary ponds,233,0.30017362775249895,0.03991935615551673,1.560033823953846,0.040675582176125956,0.00042962388993030357,0.03991704421903246,1.4085131404029998e-05,-0.004715623736751047,0.2931969,0.06276991999999998,-0.03832173587895339,0.06380827216878673,1.3433547943247954,0.04741086821515357,0.014387852038665286,0.062164984604513814,0.005189434589598281,0.002367854895645513,-0.058464482,0.076062222,0.730862906804907,0.018041279331328267,1.8039670123063964,0.045069335654287626,-0.0041686822714313175,0.017553058082022822,-0.007824183569237177,0.0021429587254511995,0.7357422458453372,0.03861492685955392,0.08756824788894044,0.019317416483272766,-2.5017415322988636,0.014916602184270926,-0.015496135148236032,-0.011533966145945729,-0.0007250045106335037,-0.0033191747712041464,0.0947961563039345,0.0238214493114752
25,baseline,Temporary floodplain,77,0.40802749404017447,0.02474886255030622,-0.2068864184255725,0.07065373291642613,0.02422109874558495,-0.005083755805560777,-0.04239025981421086,-0.03993658660687455,0.41163886,0.12241047999999999,0.033219233829981334,0.07341354786152113,1.0303236008438648,0.053812032689906274,0.03777430935376032,0.06294958746856304,-0.038342064952518295,-0.027084839668658284,0.007158846,0.118741104,0.7393827218723041,0.012666918237055519,-1.2909630562382954,0.05466929761547309,0.0034985446567345393,-0.012174194137974138,-0.01766206194954588,-0.023338919102147596,0.7526197315431804,0.07114481730596445,0.07706771395994041,0.006724211254691214,2.2092219297616293,0.014980420335131537,-0.004007171885192354,0.005399776891709503,0.004564527724911624,0.0050116729858300825,0.071860061578042,0.015319501065162597
25,present,Temporary floodplain,226,0.49649868106635725,0.04160748494068466,2.603529223596687,0.05888425961157163,-0.0357284610213788,0.021322754890799562,-0.024118997751757684,-0.029759098156871094,0.49592931500000004,0.058428225,0.10623277161956898,0.048756871466398115,1.9591711271854975,0.042434972457164516,-0.018463483772300067,0.04512573857767736,-0.025127443858534642,-0.03906575123864105,0.09413516499999999,0.07394855749999998,0.8094424588474207,0.009275094596958947,2.6517348887570154,0.04729739841428201,-0.008184341517506383,0.0043639355755279415,-0.009267178168520882,-0.011607324971394483,0.8217119676699421,0.034820920230906216,0.061260635117966325,0.004825170816031433,-1.503474486782255,0.01670734095230377,0.00032459405883934886,-0.004814240552864765,0.002739424005932902,0.0006234501416170534,0.0600674319520835,0.011619846322923053
30,baseline,Temporary floodplain,70,0.25363591815045256,0.042827664032964466,0.7743250950878287,0.03431263999495038,0.030617202068537734,0.029946548115180268,-0.00408582083597719,-0.01712810780870087,0.23326898,0.07046450749999997,-0.08900830234333472,0.06313124954926892,1.1491658656056196,0.03275751336498799,0.025836379691485604,0.05760239712103532,-0.007203089353687553,-0.017236626828718394,-0.101099465,0.10297664725,0.6695751455462498,0.007951844005087307,0.674933986299026,0.040494018582798795,0.006208387903321648,0.004968676153980291,-0.009054278286441347,-0.005298839501035177,0.6735278705961867,0.06126251353083867,0.09385984007132044,0.014940297399505451,-3.0697991538416423,0.010784450958347208,-0.01490181049808257,-0.0010716950428668822,0.0001894053346642367,0.002448354527685073,0.09825573736913146,0.022579686981751
30,present,Temporary floodplain,230,0.35006464885482097,0.050602662518094366,1.4373464936824565,0.05289214517516313,0.006732891085336527,0.050152743011256606,0.0010342179521718343,0.0008323662368989545,0.34057757,0.081201305,-0.046173940049961955,0.05855600456769081,1.423244502613192,0.038608806239611604,0.008608728218126048,0.0579197329879711,-0.00125905428199588,-0.010896692743557609,-0.057952512,0.0836325525,0.7335171369207361,0.027615077655620886,1.764667920902434,0.06019759211509888,-0.005320304067431311,0.027097728291427786,-0.006192073815990837,0.009472773046731426,0.748052080629254,0.051975546331643696,0.06957467700888806,0.013004182012608967,-2.3048759380534407,0.02171165175514505,-0.008711554834758906,-0.00965492424507056,0.0008792819389746286,-0.004756980886709385,0.07334296462237536,0.018653176706354524
36,baseline,Temporary floodplain,73,0.2196394785682547,0.04613143733269097,0.9249597985684729,0.03721309121497375,0.027764975842677564,0.03684040752808695,-0.0007065095743334725,-0.01771688407421072,0.19918676,0.07685915999999998,-0.08275006719935891,0.056919875745590716,1.1640414258873093,0.03081154537398876,0.022519272281753454,0.052275755669275,0.00019411780809450407,-0.016979592118967678,-0.08843291,0.08072536599999999,0.6560129875302754,0.006083870631915489,1.7533719341497038,0.03831053332147793,-0.001104605632321805,0.005982752565744861,-0.009888837779784028,-0.007229724703208296,0.6592809057611693,0.04835151772404234,0.10615733277621327,0.011764913983272084,-2.8688922773606715,0.011054458723165727,-0.0113301663884967,-0.0031686796371313193,0.0013469502521048357,0.002705747825176248,0.1106934957438783,0.0204862216995544
36,present,Temporary floodplain,231,0.34496552460116753,0.05966386500245188,1.4724038226241225,0.06625419514978427,0.005861009572227523,0.05937529245254342,0.008997492906235808,0.0009249725325443542,0.33904174,0.10267822999999998,-0.025144266767696533,0.051115529519490846,1.4294735222710004,0.045316330289787564,0.007199768235688481,0.050605935377288615,0.0030826320314577965,-0.017024990645015593,-0.030390983,0.0831078835,0.7312530761155006,0.036692217873505344,2.008957799950444,0.07171320152926439,-0.015567603063442558,0.033226022743263736,-0.006674559229075744,0.010347487592029712,0.7501345766383039,0.08274841931712018,0.07317858238507814,0.012112721541836964,-1.968990407765531,0.027169991030678964,-0.004696760427283524,-0.011165055514361975,0.00147846055255434,-0.005401487979978925,0.0729340260098124,0.02081668821710546
37,baseline,Temporary floodplain,74,0.2235875914711009,0.015761859081372936,-1.3785799296948895,0.03430955522404019,0.003011065814252068,-0.015471576660550825,0.0013534285950601713,-0.016729121190251762,0.22143139,0.05067697000000004,-0.03337189980584354,0.03464209907526122,0.9523791129574727,0.042627037777847605,0.020083626605189128,0.02822628156033936,-0.0022411565913928334,-0.016230656389363444,-0.0475934145,0.07854319824999999,0.6606008335178448,0.03513752388268944,-1.9947572455149647,0.04737385654027917,-0.01445466079928261,-0.03202668209141018,-0.0005396292563303723,-0.014392002302392761,0.6798967285678827,0.06235437924102116,0.0931945746456187,0.020981636063400654,-2.70314426270291,0.012412614410449725,-0.018997013855071906,-0.00890744163535192,0.0009893064812558125,0.0028353617684414877,0.10194394199929746,0.0312872964185561
37,present,Temporary floodplain,234,0.36141568261552376,0.013796934219636353,2.7464196234964606,0.054826711798392304,-0.012733604046094684,0.005311376644360072,0.0008944515356445755,-0.0107307353156688,0.369176135,0.054447152499999985,0.01863242015569931,0.018566907163749966,1.231843718943806,0.04306343827953141,0.006173486894785378,0.017510514018361168,-0.007948487266820936,-0.022269147615179882,0.014862868500000001,0.0542024655,0.7487323504079427,0.01889210987473377,-3.1328984468423604,0.0707934330533408,-0.018891395859203054,-0.00016424983987472355,-0.0068862310240165436,0.0022418585168981165,0.7745156516893708,0.05479792270135464,0.06537719630840715,0.01471095829006302,-1.8181097781510507,0.025677891612208268,-0.003601243166214109,-0.014263356598983638,0.0032800343229884136,-0.005847462777848495,0.0662077921936469,0.020368942323085747
45,baseline,Temporary floodplain,75,0.20076069248218414,0.03250047571572079,0.5552534519448857,0.026057976111132097,0.027617827137948397,0.017132908274036778,0.0020421339919995387,-0.019682087716203975,0.18394649,0.060471365,-0.10963517321851074,0.04146551315226469,1.2836486546236043,0.026303538899232058,0.011743773066059855,0.03976773283899301,0.001403241644676967,-0.012801935742272785,-0.117980614,0.05871101750000002,0.6315327383093479,0.0066449330776130805,0.9024459722251708,0.03680061294308623,0.004117812631836506,0.005215242538467809,-0.0025896317642387294,-0.01079594193151405,0.6340596217219459,0.050290603041064696,0.10349206856972035,0.01204685078535269,2.967064063122089,0.009079499712437721,-0.011863841120569703,0.0020918622589530455,-3.2545106627986125e-05,0.0033281722785330854,0.1047287124849245,0.01797762508517689
45,present,Temporary floodplain,231,0.29056470518521277,0.042565679141945915,1.5873400155671342,0.052509411528289446,-0.0007041612263362865,0.0425598542970064,0.004502759654780015,-0.006109650820207382,0.2921165,0.07230842500000001,-0.08445522765134365,0.03951725688995158,1.5027658266045967,0.03487149697894195,0.0026863055293033164,0.039425846277659785,0.0022933624170823883,-0.018321710137129348,-0.09455494,0.06650721250000001,0.6980694343105722,0.027496602767293404,2.404407808505251,0.07481977118897855,-0.02035749082242494,0.018483390683454476,-0.004947185247630115,-0.004851268380009597,0.7220724771290014,0.055823381961755514,0.07910469318226279,0.005632743867171037,-2.0931141609174984,0.02387735399614165,-0.0028101210650346466,-0.00488170288659618,0.0015252764120419445,-0.0011168275654128287,0.0780279173597501,0.014688718400011957
47,baseline,Temporary ponds,74,0.2235875914711009,0.015761859081372936,-1.3785799296948895,0.03430955522404019,0.003011065814252068,-0.015471576660550825,0.0013534285950601713,-0.016729121190251762,0.22143139,0.05067697000000004,-0.03337189980584354,0.03464209907526122,0.9523791129574727,0.042627037777847605,0.020083626605189128,0.02822628156033936,-0.0022411565913928334,-0.016230656389363444,-0.0475934145,0.07854319824999999,0.6606008335178448,0.03513752388268944,-1.9947572455149647,0.04737385654027917,-0.01445466079928261,-0.03202668209141018,-0.0005396292563303723,-0.014392002302392761,0.6798967285678827,0.06235437924102116,0.0931945746456187,0.020981636063400654,-2.70314426270291,0.012412614410449725,-0.018997013855071906,-0.00890744163535192,0.0009893064812558125,0.0028353617684414877,0.10194394199929746,0.0312872964185561
47,present,Temporary ponds,234,0.36141568261552376,0.013796934219636353,2.7464196234964606,0.054826711798392304,-0.012733604046094684,0.005311376644360072,0.0008944515356445755,-0.0107307353156688,0.369176135,0.054447152499999985,0.01863242015569931,0.018566907163749966,1.231843718943806,0.04306343827953141,0.006173486894785378,0.017510514018361168,-0.007948487266820936,-0.022269147615179882,0.014862868500000001,0.0542024655,0.7487323504079427,0.01889210987473377,-3.1328984468423604,0.0707934330533408,-0.018891395859203054,-0.00016424983987472355,-0.0068862310240165436,0.0022418585168981165,0.7745156516893708,0.05479792270135464,0.06537719630840715,0.01471095829006302,-1.8181097781510507,0.025677891612208268,-0.003601243166214109,-0.014263356598983638,0.0032800343229884136,-0.005847462777848495,0.0662077921936469,0.020368942323085747
66,baseline,Temporary floodplain,74,0.3144618951903186,0.0255008545269625,-1.0880364790535642,0.05888749025488941,0.011838144003945582,-0.022586543076512422,0.003281466301907653,-0.026438516048125454,0.32303077,0.06575274749999999,-0.01873933954435586,0.03175594710565978,0.21186891200749364,0.04037438414070694,0.03104587186082166,0.006677875184435805,0.006290531366437156,-0.022928552198822102,-0.0282947005,0.0736703585,0.6902690869349801,0.03015343717212829,-1.392514488082523,0.05873816183560531,0.005347377616237291,-0.029675500432559725,-0.0139596989975549,-0.02882644396683486,0.7059914884065028,0.07157637969768305,0.08577285196306443,0.010668472426107458,2.66666620277277,0.019636954611582956,-0.00948775370772441,0.004878404809789453,0.0023039403001626963,0.00484070139463596,0.08227286390166019,0.018908550915132813
66,present,Temporary floodplain,229,0.46013246769783156,0.032744361978070784,2.6844801000034604,0.08140149094261352,-0.029382519184278134,0.014452017427904487,-0.004417686581403262,-0.017593527328411972,0.47681153,0.07851317000000002,0.1147817919534314,0.017194677385041168,1.0794661165146746,0.048081431298652305,0.008112434341359906,0.015160651022722299,-0.00012395084135377038,-0.03199862539692858,0.10363778,0.07526414000000001,0.7874445702075076,0.018051192609670225,3.0081792749325524,0.08633915485530741,-0.017890782992473965,0.0024011327634300525,-0.007545465500266246,-0.006322457754961282,0.8137839140733992,0.06405871382371786,0.06328609371086953,0.006961772126936263,-1.3351589806105353,0.029217576507927515,0.0016253145803825863,-0.006769388721456498,0.003746167908855487,-0.0023299310491930983,0.0589318623496661,0.017559683925470797
77,baseline,Temporary floodplain,76,0.26451525229513395,0.04035965158378491,0.6447052991050654,0.03395082991827057,0.03225853744342627,0.02425465394466755,-0.003502530782738621,-0.02111678721353937,0.25552444,0.06935358750000004,-0.10499728326589022,0.057148717040408185,1.3436981208715997,0.03475637114156755,0.012867101550971767,0.055681357356314694,-0.00032740990937722876,-0.013677840903465547,-0.128055315,0.09093296999999999,0.6720418929170889,0.001450466704578888,0.20651104002401396,0.04497034051989466,0.0014196475779167756,0.00029741287061418707,-0.017371651114143204,-0.009624382358824981,0.6849592977251908,0.05377567996074939,0.09424540166117351,0.010903740944130269,2.9781911571773247,0.012824063794143414,-0.010758499330287233,0.0017737696403174836,0.0039593996552818094,0.003746572621060254,0.0938892466045183,0.015181066001384913
77,present,Temporary floodplain,232,0.3413269527670173,0.04274701767267124,1.5772841736973122,0.057150408657749084,-0.00027733416058672855,0.04274611801872819,0.005331782040250327,-0.005590047824027841,0.33879216,0.07250756000000003,-0.0653644772001498,0.047990805575366405,1.5583308470605925,0.04208594387147298,0.000598212921515108,0.04798707702156021,0.010527732467769854,-0.015583180081946072,-0.075124143,0.0785261965,0.7272427980493805,0.02921703085173501,2.4812038106891885,0.07485984692718885,-0.023074260136132733,0.01792242759676577,-0.006329455095581643,-0.0029339369542710743,0.7473574754253094,0.043152896031640964,0.07670943051167355,0.003800726977868106,-2.1928108646850175,0.02677220141237789,-0.0022145831544782067,-0.00308887471617024,0.001281335135877427,-0.00015357429947688737,0.07590912156560806,0.015473040153039769
86,baseline,Temporary floodplain,77,0.08974638722105473,0.007841473802907353,-3.009048078261138,0.02350477309993155,-0.007772694825637524,-0.0010363042744242555,0.0012807641440576393,-0.008504847087415456,0.094057344,0.024887166000000002,-0.033105124193085096,0.06918499815384524,0.637534966430471,0.06183681168560414,0.0555946725337922,0.04118004802580954,-0.004684651380142083,0.007315049798058363,-0.07122442,0.047559869000000005,0.5763036184856305,0.015296589292902892,-2.0256453638229974,0.04755734677292451,-0.006720200166349534,-0.013741344683834516,-0.005376601943310576,0.0006760040317277651,0.5903380816953527,0.056694821696794406,0.14605185164502474,0.016981856191662464,-2.7250586691551315,0.01701394597014764,-0.015529852414709833,-0.006870744042069674,6.653234676496472e-05,0.0027193912649997654,0.1527522608670654,0.02332305219302991
86,present,Temporary floodplain,225,0.08962410510954646,0.03689738576245353,-2.860003634998577,0.04217485870692273,-0.035444185578524065,-0.01025313536331474,-0.0026378843365867316,-0.009326889297919616,0.10889238,0.05185819,-0.010120973532522611,0.058674860574714986,0.4263124384577848,0.0608593710662709,0.053423272959709396,0.024263000015138814,0.0024484117572251118,-0.002601502844881654,-0.037333652,0.08024693000000001,0.6269093972184888,0.015181154547680677,-2.9443516168468786,0.06881299769984556,-0.014886806663318907,-0.0029749690367345868,0.0022562879438190126,-0.0021659123017933246,0.6380870254590247,0.06401080643352242,0.15073203249042993,0.028621048843752966,-2.4785400498056815,0.023562783120556444,-0.022556733745059416,-0.017616986112016744,-0.008448871243443434,-0.0038329510112756803,0.1568765341956852,0.03408374819131588
102,baseline,Swamp,70,0.28845311637721816,0.0801783376581473,0.8357875585247735,0.06376497062984715,0.05376708491769029,0.05947828518945181,-0.01768674495976331,0.0022089285141650653,0.245481505,0.09504422999999998,-0.0034028560723833585,0.14061405183378628,0.9986048544600526,0.04064058029309967,0.07613909976053798,0.118216534633568,-0.015914968337851165,0.012785679105382747,-0.0500207075,0.16238747425,0.6914390975719753,0.007170409343886862,2.9885055101331695,0.06347545283419254,-0.007086551621727732,0.001093414958507551,-0.025263716890774283,-0.011323318957217474,0.7047207915629927,0.05693433831113526,0.09531258965108491,0.017891963249575055,-2.819096915539978,0.01726051753044618,-0.016969585790733644,-0.005670582599263957,0.0035155125381963297,0.003119586745837572,0.10077665151011389,0.02592844772603055
102,present,Swamp,228,0.3365507448692222,0.07308607457074494,1.2190543004894019,0.05787022906102348,0.025180615567256627,0.06861130297417856,-0.013356378478051335,0.004382384928164416,0.315950685,0.10242350750000001,0.029966228146031327,0.10496916374177515,1.2254392605234958,0.049379517844849966,0.0355354925271422,0.09877122104895243,-0.015597110808746137,0.0022164446383884724,-0.00462961595,0.13536045424999998,0.7471700453565416,0.026561747494798647,1.248591259806532,0.07021191088858053,0.008411014323971046,0.025194865905961795,-0.012031010842887626,0.0002381430584150991,0.751832047287428,0.051127903583133794,0.08422760643633243,0.018932217608141986,-2.2809764399199395,0.0372983182219573,-0.01234324456629231,-0.014355249114478538,0.0025195423143800277,-0.002011480611691375,0.08993774745447594,0.029047232095237394
110,baseline,Temporary floodplain,75,0.30861431824702223,0.06996641342016044,0.6540641632394513,0.05219682807067986,0.0555265809024556,0.04256874229013421,-0.009820013914035216,-0.010504213516406022,0.27844882,0.09812647499999999,-0.04069668404404947,0.09008361526419623,0.9975818181624877,0.031565933634201335,0.048855547390740585,0.07568482825651934,-0.00539482075545984,-0.008880746630408947,-0.06880387,0.12865128250000002,0.6830010145307468,0.005249640467755252,-0.29190128094625134,0.05018803209991526,0.0050275726354124415,-0.001510707925558604,-0.012505656757150787,-0.002541666474840737,0.700423869720964,0.06844228790647855,0.09021922474187578,0.013083821474579519,3.0821413365969335,0.014363971781058181,-0.013060706168239254,0.0007773922855195374,0.002643826303558683,0.0004835251654811831,0.0900870545985936,0.02062165833258235
110,present,Temporary floodplain,231,0.4014594972397,0.06826909290923924,1.262431001947843,0.06409688919104528,0.020719770294487662,0.0650489059523218,-0.0023002709534533936,-0.0017051724405023553,0.38864854,0.11062986999999996,-0.01509962972029933,0.07348689096223934,1.3577491501850218,0.03604091437206578,0.01553800652230665,0.07182543767084758,-0.007509622950800465,-0.00999156119728823,-0.039505698,0.0999966685,0.7566606493747648,0.03119305958905721,1.7325058838159226,0.06550430622719698,-0.005022260216956061,0.030786098629733104,-0.00437752269912624,0.0007241218200036935,0.7699039041268316,0.04911590742152483,0.06651909442968203,0.012073013034179703,-2.4709239712407642,0.01795040482163702,-0.009458073846853744,-0.007503498039643525,-0.000202936935582546,-0.0011780838221820745,0.067913337469528,0.01940615063762994
121,baseline,Swamp,74,0.2252267146728948,0.04177236832290104,0.8794910870827919,0.03459119113874995,0.02663169357631084,0.0321820392853155,-0.01355022629858796,0.0007502158979550237,0.21828037,0.06265687,-0.03330836649699118,0.07849810913214203,0.8523980062540066,0.03279821393672441,0.05166585994946498,0.05909815608801979,0.0015696236312134463,-0.0006374083495463886,-0.0463806295,0.11076643624999999,0.6817814466635138,0.005591499955878557,-0.34217668272188606,0.03669285143864321,0.0052673413409099045,-0.0018761628274036742,-0.01244210248599559,-0.0034077385485334617,0.6900103654932441,0.0436274040322302,0.1124224506008148,0.015925562251739793,-2.9961106817177257,0.011726073417930995,-0.015757326995510974,-0.0023087180405109023,0.0030259171549941117,0.00034648734955277434,0.11655340611428561,0.021258126192862034
121,present,Swamp,227,0.2758907088646109,0.03128503337893603,1.3083916854607316,0.03961387395573863,0.008115451150614775,0.0302141153460287,-0.008118060740942908,0.0009179843294568409,0.27101436,0.057809995,0.0028388014189677266,0.07982756560087076,0.9793473691028105,0.04613811878581196,0.0445090116191442,0.06626754948274616,-0.005108576665881399,0.004005208770105351,-0.017988773,0.0993355835,0.7497161693517298,0.015429031415986607,1.6326646186201301,0.05769286942835363,-0.000953958970522442,0.015399512093506776,-0.005726945022608137,0.005236793471639519,0.7630281306405181,0.04915986939643546,0.0962983336662514,0.01477703658215545,-2.6385000166695267,0.01462050669904678,-0.012946097888583965,-0.007124560309911216,0.0014787923921560275,-0.00279617604894876,0.1011285372063692,0.021793124338719702
127,baseline,Temporary floodplain,79,0.12856328868630504,0.011288645605082815,0.2594475109863142,0.01839813171286,0.010910835687921082,0.002896063567731771,0.0023407130390690153,-0.008181781215986698,0.12494896,0.028669565000000022,-0.08952801568382104,0.028481232166750338,0.8449220333812268,0.024940838262292805,0.0189055456290953,0.021301664963155574,-0.002809226968303997,-0.007859406529122228,-0.10499442,0.04500148799999999,0.6232928891496762,0.005912722574334842,-0.7899695582281875,0.039043926406734396,0.00416176994391881,-0.004199995139871339,-0.002114894447908507,-0.004380382230376664,0.6324053518188705,0.04086054325900779,0.13614543862920583,0.018610137535823388,-3.0277209583394726,0.010940197014536246,-0.018489611235416384,-0.0021145910870489565,-0.0011465807980146079,0.0021238771516206094,0.144460785422896,0.022005597317181047
127,present,Temporary floodplain,229,0.1576851691109834,0.010168230924934426,1.2170053707706652,0.027841618866028983,0.00352284924619579,0.009538472274498184,0.004493666795813672,-0.0042378244432820355,0.15912524,0.03277049999999998,-0.06174612547332362,0.037876106911204487,0.9244967046383388,0.03532601048547041,0.022810372479137177,0.03023716888387558,0.003251648300711827,-0.0008295435027569954,-0.07892592,0.043253294000000005,0.6762659039342677,0.01291701870666248,1.6852933320088574,0.049295368384425636,-0.0014757306555823854,0.012832442920209809,-0.00135258483145936,-0.0007048871283223766,0.6867356801054934,0.046833888001109436,0.13121560981859307,0.02348455061956169,-2.6376226295894982,0.020642053807097445,-0.02056477092931018,-0.011340825121116817,-0.002757821368732036,-0.0006374449759560149,0.138440055980919,0.03564740980851561
132,baseline,Temporary ponds,78,0.32321770633051833,0.051431099879587945,1.104695958643187,0.06565820246002087,0.023113448089700256,0.04594482073345028,-0.014875581333842175,-0.017701149638040432,0.29734914,0.09879648499999999,-0.07795897447355302,0.10183251567754223,1.2860262491486516,0.046428817863099714,0.028608500703399993,0.09773134060638095,-0.024994590029964254,-0.017958633362449128,-0.112436812,0.14146978075,0.6903873677020507,0.01242931272433341,-2.9770232676313784,0.055292664277669754,-0.012261380196207587,-0.0020362638540535067,-0.019266039367565442,-0.0033421867277267014,0.7035313786202589,0.06807887713297855,0.0768796109435002,0.007436604823936459,-2.920292460897833,0.01424722260596991,-0.007255247479238818,-0.0016323220645429607,0.0023311294206325886,0.002358789922284623,0.0761494616447343,0.01938943567371826
132,present,Temporary ponds,226,0.3947587679719305,0.0705589967630967,1.7006121823834153,0.06818505825217519,-0.00913397148624204,0.06996529560505842,0.00358017446908511,-0.002037323709349994,0.3842542,0.10094145499999996,-0.05032525726667562,0.0866324383651927,1.5798096983364411,0.054203633517408464,-0.0007808397817518145,0.08662891934183495,-0.013299747058941443,-0.01543697135077709,-0.080539785,0.11207149350000001,0.7592091413980043,0.017730900180519635,2.202157254012661,0.07608104800127057,-0.010465555294460124,0.014312825492897932,-0.000439920090224324,0.006883643283190291,0.7824825415613534,0.05917901370067591,0.06322215860871937,0.009906424329734704,-2.3224392938503566,0.03500902847352823,-0.006764502593183476,-0.007237316330489756,-0.005088796283656784,-0.0037893102630842035,0.0642588592404979,0.0212030990687926
144,baseline,Temporary ponds,76,0.23856439707297816,0.05292921666447025,1.6059115898391956,0.05397595221888021,-0.001858241417041492,0.05289658699340088,-0.03302775198816322,-0.012102974026761455,0.218480915,0.06660945750000002,-0.058693614367864334,0.1397729044386163,1.1403959373191626,0.041700522064387534,0.05831810715493187,0.12702544309339153,-0.02993815737585322,0.019082150072884857,-0.1062424875,0.14702481647500001,0.6496709874921591,0.0315134498980751,-3.0897812696622338,0.06612607139918027,-0.03147116169950365,-0.0016320250494965467,-0.028007384762221286,-0.007495644163374691,0.6665169404902993,0.07312415780741832,0.088520580600715,0.017824469054154437,-2.6812904953419108,0.017277376043413565,-0.015969268263670365,-0.007917964901755984,0.004275726049803429,0.0005832353826235137,0.09445940252575549,0.0294580810199436
144,present,Temporary ponds,231,0.344527012512107,0.0639694409703659,1.4693246079959514,0.0630500668365994,0.00647995559886478,0.06364039246813197,-0.007299052357982733,-0.0026932315933434667,0.3382606,0.10610964500000003,-0.043579568252210925,0.09699940140945787,1.4308950440552257,0.05971802385825323,0.013526116697080717,0.09605169462789342,-0.018693510246032902,-0.006256235912260375,-0.07652163,0.12146220915,0.7505214767704467,0.024768966374359703,1.923665088608359,0.08680105126092626,-0.008559937538749098,0.0232428303910448,-0.015903812245469225,0.00328394193426195,0.7720199366914308,0.07355137341600004,0.06583006576726878,0.02028207683973053,-2.2172381621249735,0.018969477266169505,-0.012216908649326058,-0.016189804939737717,0.001377150522950717,-0.003894666402480105,0.0701301693281857,0.030399933943323895
145,baseline,Swamp,76,0.16352570429050026,0.051731709913160985,2.9915906717264997,0.06488521886084282,-0.0511508032530394,0.007730791493003334,-0.020068642895762864,-0.04481934187088696,0.166477745,0.054504697500000004,-0.010762369911227029,0.17821565862764613,0.9671728926378557,0.09308357284741928,0.1011604312382133,0.14672214601683148,-0.020601957090399133,0.02006795132228783,-0.0708370845,0.16152696475,0.5956325373765368,0.08169821524006006,-2.6990052830442175,0.08342318895062174,-0.07382631220566661,-0.03498962702748664,-0.04443006198006303,-0.03485624235018832,0.6361934980897834,0.08053828108417793,0.09913597802471666,0.03318986835423753,-2.5604159391819796,0.02119297550557226,-0.027740662945567277,-0.018221497762589352,0.004289731935069884,0.0007273141833203363,0.10663872193707821,0.042333319406304415
145,present,Swamp,228,0.2041469011852104,0.08143115438634722,-2.7321222942911705,0.09304880168587294,-0.07469938856085306,-0.03241965843940695,-0.0027076504372978054,-0.05559138043387774,0.230381845,0.09512410249999997,-0.028829962590301326,0.1052191292981458,1.3931660383056508,0.11125078476799227,0.01859197258860413,0.10356352507289676,-0.008974476100871551,-0.012632656490940418,-0.068518045,0.15832822175000003,0.7111503737080037,0.00924197723291294,2.4789923896578596,0.09296751606847894,-0.007286331384885725,0.005685377570866373,-0.0013855542800124212,-0.00826404038156389,0.7263186857502963,0.07065882606985996,0.07817235754256809,0.03958276469032405,-2.3698677843776563,0.0268753986351887,-0.028369318157306075,-0.02760393174566094,-0.0005387750401711278,-0.0054595496891812305,0.08564894058050945,0.04741718320826943
146,baseline,Swamp,75,0.23258065139592088,0.07969392946975036,1.0633481254436403,0.054333229420930766,0.038727152786435924,0.06965148980018729,-0.025826351096460424,0.009475821441600637,0.19856139,0.08551721499999998,-0.03742169808765048,0.15045982938564956,1.0604917235923979,0.05051303997706803,0.0734910602250284,0.13129061019646462,-0.03469693298903463,0.03369577646739211,-0.09443191,0.14452588135,0.6593521069156841,0.016841437619663835,1.5208167806939812,0.05176391827561301,0.0008413770188148233,0.01682040742102398,-0.020721844116996402,-0.006899714403785946,0.6611203382139145,0.06751055722294619,0.1048704250225162,0.025626492434052343,-2.667968131251081,0.0170049914880728,-0.022805552210162266,-0.011688622795783296,0.003982859640479967,0.001281767280186326,0.1148811964596469,0.03703946192826865
146,present,Swamp,235,0.3068049972073131,0.09989386654109622,1.1629643318611778,0.05603195085527596,0.03961991235720095,0.091700856688136,-0.007799898930911359,0.02439508788482738,0.27579015,0.12276789499999996,-0.01722887463546761,0.12491533514568051,1.2195059781572748,0.061646040009919335,0.04298457100208969,0.11728668982593035,-0.018717327321104097,0.01817433081185859,-0.06707442,0.1320269895,0.7261862807125578,0.03585962856273036,1.3739163219045436,0.08500530387057334,0.007014522234917418,0.03516687985125829,-0.015351317004678797,0.002312589988974019,0.73062670312704,0.07491037684030677,0.08675331671717293,0.030238639085145014,-2.343535808450228,0.019461859241207993,-0.021109573598205866,-0.02165089365877514,-0.00023930109872897192,-0.004955310690974957,0.0945303471113906,0.040723685438690246
150,baseline,Temporary ponds,75,0.2452347992619843,0.03514694380519069,1.078773191433432,0.046673549018824735,0.016603767814626004,0.030977775149342503,-0.011050729331694239,-0.021338034994934193,0.24145518,0.09154732999999998,-0.07934955976364919,0.07086380340991395,1.2038344152669058,0.02620771352919059,0.025424605704094785,0.06614580907744831,-0.007979715257402292,-0.013065237308156273,-0.085316114,0.09487506850000002,0.6467091809364156,0.02483142184099082,-3.1100395388172033,0.04575249272853581,-0.02481906179649207,-0.000783378699700096,-0.019934214913746612,-0.015328281191884114,0.6547544067445034,0.06772612385922505,0.08961901497837103,0.011673368590599932,-3.0461984606834815,0.012474392447800301,-0.011620294726000551,-0.001111883416950188,0.0012706284866272324,0.0039025599472875083,0.0921583886577885,0.02105048887540989
150,present,Temporary ponds,234,0.3449233590757082,0.05513378668296339,1.5628939499180758,0.06341389895153608,0.0004356834264208128,0.0551320652066876,-0.0035427940465873444,-0.00491311720740071,0.342693725,0.09065515250000006,-0.048439916396752644,0.058216044113889504,1.4448586508241887,0.043098053159285825,0.00731222845353249,0.05775499205535119,-0.006684234944070482,-0.010355688870430169,-0.06358371,0.091940264,0.7365596626553567,0.02847930116368377,2.204599959365488,0.08898366119756652,-0.016865838823752248,0.02294807346038031,-0.007996934594993932,0.004662399534812413,0.7656086521906973,0.06494933030276961,0.06389443048381346,0.012780815186333318,-2.31313798602696,0.015981366071493426,-0.00864002665182949,-0.009418024011589927,0.0006894669449787808,-0.0017400177848673976,0.06737523577727769,0.019393163398324115
154,baseline,Temporary floodplain,74,0.1532306176464569,0.014031610462360757,0.3561556673849588,0.02630471503439023,0.01315104501618333,0.004892454102978529,-0.0038383589595767796,-0.01217663868621412,0.14680676999999998,0.0444433675,-0.04718379524961981,0.05161005223923154,0.8253620253833226,0.035059634890338524,0.0350066337483439,0.03792272518880359,-0.003695347540393666,-0.008268075878795626,-0.063950438,0.06660351125,0.6296988863560763,0.008336718587127619,-1.6079511752201199,0.034113817569065466,-0.00030967825307638957,-0.008330964900930184,-0.00868913763045012,-0.008918768153863775,0.6361194251732007,0.04206369091346773,0.1201350592766083,0.027810676200258316,-2.94345043428617,0.012848398237115232,-0.027266531686560767,-0.005474482669749901,-0.0018596864274292193,0.005106669816214115,0.1329055600139052,0.03449842574474872
154,present,Temporary floodplain,223,0.21341093400036568,0.0007961653284556762,-1.9598937877284446,0.036960205647645294,-0.0003020280990165599,-0.0007366534175848083,-0.002440764777365093,-0.01928725167259771,0.21594185,0.04560099499999998,0.004672393732703065,0.042499692458089225,0.869314606000057,0.04430387483785149,0.02742718767158558,0.032464953957456806,0.005155863322992653,0.002196217505059586,-0.008452169,0.0635794995,0.7113620171721083,0.011934202065332038,0.8376872397411117,0.06398914512327085,0.007986167769063404,0.008868275102890547,-0.0014393342443353749,-0.007413755679325387,0.7220988409250567,0.06414078288355862,0.11164283688313904,0.03231462464007366,-2.541321740146057,0.019968886632307135,-0.026665466475752367,-0.01825343428671389,-0.0022472218720889707,-0.0008928287182794163,0.1179715465165223,0.045590269861568916
155,baseline,Temporary floodplain,73,0.2980535412650532,0.030376366093100418,0.10870485727691978,0.04999892052975531,0.030197067856415342,0.0032955591175258866,-0.0020191184019100646,0.00570634391401185,0.28970772,0.06041426,0.03655247891851742,0.06990791219212718,0.6465823181201256,0.04137737577326313,0.05579682393365179,0.04211686866303365,0.00441319029177378,0.011637997444150065,0.012069271,0.09494497399999999,0.7021348211182429,0.013949934363429697,-0.523789556010053,0.04959331582133218,0.01207966663289576,-0.006977271872451403,-0.010167079777742963,-0.0038147624814091363,0.7102012509961059,0.053494279968726244,0.0999754847434054,0.013541762980058401,2.8444623111214637,0.012405633988751663,-0.012948370999662107,0.003964723579669774,-0.001976455275540188,-0.0016217983342139994,0.1036742592208885,0.015944982834682
155,present,Temporary floodplain,234,0.40864680159373973,0.06427750592813043,1.2263949849785942,0.07115283647282407,0.02170222221004997,0.06050298603776888,-0.01012663873781437,0.0021323634320901596,0.395201825,0.11483017000000001,0.09089772197290197,0.08717418545278909,1.0567831265349994,0.05845048551183586,0.04286143778458189,0.07590939177990877,-0.011496245262102325,-0.003801225341800743,0.070070545,0.13490515775,0.7860963508997622,0.025739904508578076,1.5709910809084577,0.07312489531934432,-5.0129522540243165e-06,0.02573990402043154,-0.009141886227278476,0.0004890564314029192,0.7986884163665857,0.06134364125324887,0.07041419516280338,0.01671205420016545,-2.4005583014869813,0.017482544682560996,-0.012329664137882725,-0.011281495372346535,0.0015797499253520015,-0.0021040174085218645,0.073872715974258,0.030871390698675824
159,baseline,Temporary floodplain,73,0.16030968246446944,0.027734228452761987,0.20760154958963403,0.025886837727251866,0.027138721370457357,0.005716400112542314,0.0065847879788470745,-0.010160983578258165,0.153068,0.05297879,-0.11184403441397879,0.03084894091595618,0.9748335840795199,0.02523983109912886,0.01731568910675517,0.02553084539129787,0.00745838416007386,-0.015363991795338806,-0.11693105,0.050785880000000005,0.621906470073813,0.007656761620959416,-0.10671823395278265,0.037583130533098336,0.007613202392666715,-0.0008155659682029839,-0.0021423130123219467,-0.004449791035707509,0.624030001983428,0.05766263218787604,0.11800424141853846,0.02133295858809808,-3.0747699019990913,0.011957071451819058,-0.021285347490411187,-0.0014244663330362586,-0.002346302902838728,0.0020567014746461195,0.1246516535189164,0.02553845427991129
159,present,Temporary floodplain,223,0.2561524870216901,0.03164827593015107,0.842190014862459,0.04476208650530648,0.02107238570981421,0.02361287635693283,0.010395647597184593,-0.0035306915075266287,0.2537696,0.062114314999999976,-0.09676653041723203,0.03766196102148421,0.9802438889647398,0.03728817530372777,0.02097093242258837,0.03128327510525437,0.005384136846613922,-0.000469696223956707,-0.106580116,0.05459818250000001,0.710187270154509,0.013243018912741874,1.1637144634805683,0.07812253099542421,0.005243326365235813,0.012160800900880746,0.002589572993840685,-0.004475015920806177,0.7313061029570923,0.058583566660173725,0.07981317769491415,0.01367667304521224,-2.609623767638679,0.0214655112373503,-0.011786694435804337,-0.0069372343093349635,0.0005904124135048243,-0.0024934519445548122,0.0817541980573474,0.02124186869430339
196,baseline,Terrestrial saline flats,75,0.10500358784842839,0.028013460233382054,0.4929583570947468,0.019132439879109214,0.024678085778729982,0.013256924098180642,-0.0030475743784288186,-0.0009199270904769347,0.09332504,0.03613106549999999,-0.07509267079610435,0.06322371047925256,0.6825664570963855,0.028198076155957076,0.049058842107025664,0.0398806667181264,0.005280860345478131,-0.0004092814222177776,-0.098391294,0.07672760399999999,0.6019892407710121,0.015801033481362064,0.15304938820478436,0.039779201676659874,0.015616331828910757,0.0024089083188186754,-0.010163132340549347,-0.0060865051972767165,0.6035903822137585,0.05389227182526546,0.1506331215902437,0.03150756946531493,-2.776861233558584,0.015856353105053986,-0.02943498884525739,-0.011238699448388992,0.0014355376628411936,0.0034052022693698597,0.1603979250567163,0.04458422816029092
196,present,Terrestrial saline flats,229,0.1375938484084526,0.027994010378207354,0.7291792004334534,0.024041428625495583,0.02087573590222849,0.018651226972925657,0.004264606893526469,0.00465616027928218,0.1302099,0.03475159,-0.07230101582269191,0.06769257146903128,0.6533371270326854,0.04064642404716225,0.05375194878922263,0.04114622988137181,0.012961860180301737,0.009577468638237708,-0.104472905,0.06850010000000001,0.6748970436864073,0.019990845303982145,0.7303320705571026,0.06056131491284185,0.014892238452373783,0.013336233720409398,0.0042019188758612045,0.006397006692293953,0.6777972369775861,0.05508968136896186,0.1342061208990296,0.032310437990517554,-2.61067292460012,0.022300044542738384,-0.02786263970418841,-0.016359636666309667,-0.004154385094903949,0.00027661351635642603,0.1460154342013199,0.047821600280160706
202,baseline,Temporary floodplain,78,0.10998702974226511,0.006921663306308149,-1.5014081814131386,0.020554391322956164,0.00047989606957986493,-0.006905007073732398,0.004407616895849605,-0.01137206175347847,0.10888992,0.019681268749999994,-0.09170761076997914,0.021946542304309917,0.7131780130405752,0.0264783691665283,0.016597873965275865,0.014358318109990545,0.006677996406365906,-0.003930532383102529,-0.1019621275,0.035260017000000005,0.5944859491044957,0.013584962192530203,-1.9108484477951748,0.048350989972074127,-0.00453107706085845,-0.012807050341161206,-0.008656978862166717,-0.012101477357465366,0.6023057125569009,0.036466686209736476,0.16333762639192514,0.017970064769777194,2.8920139151107613,0.026568992963509418,-0.017413290301324755,0.004438530016996244,-0.0017140431721581367,0.0076219684785924415,0.1648325080294398,0.028499435810378754
202,present,Temporary floodplain,230,0.21990018501150338,0.014229367290124658,1.0008457141324045,0.03531844769614489,0.00767803096720797,0.011980097409615042,0.003419123468356876,-0.0036204383076828103,0.220230345,0.03557772249999999,-0.07864123352205019,0.025166819016313152,1.0099511265563126,0.03336137102332434,0.013386284094676223,0.021311409562402944,-0.001802384055232066,-0.008511006846888457,-0.0888484725,0.03971427425,0.7110669273242243,0.01257703644934538,1.3155433738009057,0.06001066188150765,0.0031755781201110366,0.012169533657919448,-0.0006324335482384288,0.00822632793679465,0.7230627356855257,0.054148520243551435,0.10740725336291262,0.019970064013864336,-2.7813605979019904,0.01785743403665062,-0.018688286478404977,-0.007039275901604156,-0.0019117832049367512,-0.0027370730367831937,0.1130822006420881,0.025301316258155196
209,baseline,Temporary floodplain,75,0.03146182558207372,0.004116231628823656,-3.0469861499384265,0.015863509575753273,-0.004097824423974564,-0.0003888416289516599,-0.0025580869326731403,-0.001863612309101574,0.034798708,0.018320616499999998,-0.03003967848256193,0.07765323630206995,0.39521455416003815,0.09129212999262695,0.07166725744699295,0.029896978412735097,0.01608209751635372,0.00788077557238424,-0.065405115,0.08613903149999999,0.5055598168318793,0.032647942164666856,-2.7941611076977173,0.04339300100113247,-0.030697238415776016,-0.011116100090968835,-0.015489644666524919,-0.0044597888322114995,0.5194643206906916,0.05879629917009921,0.1746034623110418,0.020616119622746034,-2.092517569153049,0.028026865425249684,-0.010274520027535032,-0.017873405565340804,0.0005580407758490739,-0.0041267103125206825,0.1744936330321252,0.04683370262008149
209,present,Temporary floodplain,235,0.07049782808751495,0.01811349236893013,-2.591487349753894,0.047112068652448984,-0.01544119935484067,-0.009469317202594819,-0.005020446477039696,-0.005925367383702101,0.08170917,0.021876078999999993,-0.026878612168559638,0.12232927794884085,0.47445096394673564,0.10613881238082999,0.10881723642970172,0.05588614586180691,0.04018356719111467,0.017064584902801116,-0.098825455,0.072885051,0.6132103313250885,0.016393070563238202,-2.724154441365486,0.06371238998110303,-0.0149854064253331,-0.006646078299184586,-0.012202259795467052,0.0011601586211043178,0.62499651207318,0.04938159388505636,0.1474240695534615,0.03468030184272428,-2.7283758316883664,0.02307582337022101,-0.03176139347694059,-0.013926134435133863,-0.00341518594217555,-0.0010368659429133167,0.1601899439337563,0.05669149713388061
213,baseline,Terrestrial saline flats,73,0.07204299365684314,0.007305895180713035,-1.4040963368726493,0.0217473958628909,0.0012122598383667617,-0.007204618690524083,-0.0027189442775624687,-0.014429858991402858,0.07523053,0.023184266000000002,-0.009089207909306615,0.14307154463417118,0.5556947679800343,0.10575507293073438,0.1215441604621511,0.07547505509476961,0.01603728414477298,0.02888848982961876,-0.08029597,0.077516798,0.5361355730320074,0.029684709176160087,-2.528213571604186,0.04524286961134305,-0.02427341158377408,-0.017087523195533784,-0.012954816478046756,-0.008921682287004809,0.55692981017924,0.060343175235540114,0.15941194010004905,0.030189121018586878,-2.950110115285076,0.023127354596606985,-0.029637359449750645,-0.005745428854416375,0.0016759409717257286,-0.0020714932021354596,0.16727104531269,0.0341386047479206
213,present,Terrestrial saline flats,230,0.09709630374155526,0.029459255020257168,-2.9578404728213075,0.06038640200402699,-0.02896330897313968,-0.005382791067373286,-0.010233149620962551,-0.017035819589335158,0.117480345,0.039465524999999974,0.06770635179316296,0.16955275657602537,0.180406943459063,0.1474054905922391,0.16680104358862533,0.030422838793814546,0.04032319032990854,0.054079353935355116,-0.04261988,0.177909025,0.6013527979636935,0.020799306258978023,-2.7473463763386627,0.07041554646876565,-0.019203715367972173,-0.007989271363564499,-0.003953690354148955,0.0003595318628982511,0.6224096925228751,0.056583785374271445,0.1289767523763856,0.031754533213977455,3.137299504058646,0.029496323885251623,-0.031754240578416054,0.00013632654060304967,-0.005440920113668512,-0.010671544238764305,0.1451521468406498,0.06516315813452792
214,baseline,Terrestrial saline flats,75,0.05129368882644702,0.006833760160481284,2.6213883432992517,0.023690905860189442,-0.005929774265023717,0.0033967712753206723,-0.0035214064525502142,0.004390772391329236,0.05503501,0.017659321000000006,-0.0013110791375600115,0.12302097775541926,0.3265969093835236,0.12013519008802585,0.11651804103137199,0.039467798039805484,0.03275789133157808,-0.003732276243006056,-0.06366122,0.07027256949999999,0.5428637792319336,0.02496183203204695,-2.7799606718549916,0.039188995409885526,-0.023347317523094352,-0.00883152437985293,-0.013466213167038709,0.009277110335024564,0.5560821423318052,0.06210120102149186,0.17790863323356307,0.024214659976552085,-2.4650888225590544,0.02473098945268767,-0.018881776511203402,-0.015160088177876832,9.265319964480384e-05,0.0026153624267511786,0.1851329929233306,0.04549327715662188
214,present,Terrestrial saline flats,231,0.054397242692870496,0.02976313175444098,-2.916898828981345,0.06010164191997452,-0.029014957192169115,-0.006631460696468527,-0.01031708464440349,-0.016905573699394393,0.08039255,0.033956311,0.10875254555956822,0.20323317129815865,0.20227297190607874,0.18851117080811258,0.19908975028604375,0.04082882862570803,0.06480590414054875,0.07910666819455762,-0.022798153,0.10974702350000001,0.5795586677251908,0.028251535384119075,-2.8356787340902767,0.0696012193526094,-0.02693987622018954,-0.008508367693100613,-0.0007151873676107471,-0.0019286536743425365,0.6024430862628107,0.06600513140252673,0.15349563572208755,0.025626623003028086,-2.842134635967064,0.028999676049079492,-0.024486148984688785,-0.007559914975643083,-0.006096265163411423,-0.00782066361855979,0.1643687487024221,0.053197363906704265
216,baseline,Terrestrial saline flats,80,0.05812003108170952,0.0023583531170304176,0.09112975063637209,0.011730530757600539,0.0023485672654334896,0.00021461878841645308,-0.0019402788983553369,-0.0016092557094168234,0.0585929045,0.014216886499999998,-0.07657489850036389,0.05734041859174946,0.49655854586458587,0.04165306573626313,0.050415260431308194,0.027317121369580973,0.01679084424946117,0.0008865841847768009,-0.10510225000000001,0.056990415,0.5790958300871222,0.018571835261626285,-2.4902593551211885,0.047741646724731364,-0.014769738519796172,-0.011259124701407063,-0.016958755753923867,-0.007376870076071033,0.5950295891908783,0.04525847272493866,0.18275786092257393,0.02586723056781954,-2.412375749233597,0.02248280628837844,-0.01928910062218724,-0.01723497068276803,0.0037451111500771536,0.0035547828895260256,0.19149560894385825,0.047807221937704175
216,present,Terrestrial saline flats,225,0.0845131685029072,0.004252694278686008,2.2507911958426003,0.03522594216851459,-0.0026740475287602445,0.0033067927727482315,0.002314532756291936,0.001246956097946075,0.08942099,0.02359953999999999,-0.004336294071157502,0.08659207021478058,0.07115997208482151,0.1057195031050814,0.08637292277843632,0.006156690246533884,0.01702240719490609,0.017598049657462367,-0.051528815,0.088071599,0.6288508518262925,0.011874172621013142,1.8643194483425196,0.0540769150215995,-0.0034355122478600423,0.01136632003017783,0.009576041061041353,0.013488885119734667,0.6417503317145313,0.05948872834908059,0.1539767221607623,0.026297773198375476,-2.6866905384292346,0.027680158080804037,-0.023623395922178346,-0.011554567940741145,-0.005118726327048005,-0.010161788434374876,0.1587822830167144,0.0530950671829617
229,baseline,Terrestrial saline flats,83,0.06661131547050456,0.006979462937253193,-1.680478794226925,0.01399429699183517,-0.000763990731165452,-0.006937522688624827,-0.0007293870477539969,-0.0004860847585752041,0.0667193,0.02209420549999999,-0.07426062522290114,0.029613939121753835,0.12070233892755988,0.033699755020747194,0.029398477353614737,0.0035657985916122226,0.00025363559435777783,-0.006971398309469834,-0.08628074,0.0441641375,0.5694271339228402,0.019808800331477364,-1.8947725146145158,0.04083471993503806,-0.006305901849432109,-0.018778289923144398,-0.007208272966821082,0.0003041416493113131,0.5762102960760881,0.05584855782177256,0.15002557835099242,0.00395447780980773,-1.2824845471750717,0.02013638793217386,0.0011243928555630038,-0.003791257766839472,0.00680366890496078,-0.002304984723175793,0.1499138158034475,0.018529126593850365
229,present,Terrestrial saline flats,217,0.10261471595569381,0.011344758563995212,-0.22736219598520388,0.020973037871043536,0.011052794020512346,-0.0025572037884120996,0.003926476865556836,0.0006370753749326383,0.10251076,0.028525300000000003,-0.036374767103804446,0.04659264480072572,-0.3012169358532297,0.04439557352358632,0.04449486467521642,-0.013823225638785302,0.007182546446880088,-0.007157181909729795,-0.05440984,0.04964023099999999,0.6527759913055884,0.030611445045731885,0.33857645183454993,0.05656862455240652,0.028873585711685315,0.010167429170533948,0.009480226938058611,0.008822112546652862,0.650209455876814,0.07971874637082677,0.13078019118713766,0.01988985097646818,-2.6928683849399175,0.02531346713918773,-0.01792078096277499,-0.00862854457891676,-0.002955255707986801,-0.006393402040137245,0.1365650865430107,0.0424639576368054
239,baseline,Terrestrial saline flats,78,0.10296457751219838,0.019698343638589105,0.8832152896730966,0.02199966761535636,0.01250194197073709,0.015222555273812156,-0.006072016801766163,-0.0006988593092230351,0.09540635,0.027267605,-0.04680454775064187,0.09176451676079375,0.5703357971724001,0.060695734058338294,0.07724000342571026,0.049545013948310325,0.008562606599786002,0.0008492867746618506,-0.083592093,0.081305281,0.6005422757524917,0.00839010747838957,0.9623145830058135,0.037059416399657964,0.004795973076262482,0.0068842244117034695,-0.01414825834260064,-0.00019139148633357035,0.6073671850805785,0.04736676010479868,0.1600875167287422,0.0363586093362514,-2.6720366101364164,0.014809862985397205,-0.032423490220846896,-0.01645192252488423,0.00021490090400954484,0.003820791320218061,0.17248876783042294,0.051069127773560735
239,present,Terrestrial saline flats,227,0.14196894183002684,0.022980755603304533,0.7428775084495012,0.026364917601639226,0.01692590642042201,0.015544414429174543,2.9346077065628645e-05,0.004732169557365444,0.13629353,0.031701129999999994,-0.03585518791752706,0.10225385631430055,0.6831269098132866,0.06591539236247967,0.07930837128599914,0.064544816795059,0.018666731663671374,0.024369546046961947,-0.08630187,0.0749404065,0.6624864062173266,0.02199959078738051,0.5912199542936993,0.04648973226990598,0.018265409416610826,0.012262006917947078,0.00034562694964816975,0.00215208463594928,0.6641650256479675,0.04304866684897901,0.13837181676898733,0.038182235497376274,-2.5918667391006243,0.020707940930429047,-0.032556760870914976,-0.019948444279471032,-0.004090896817991958,-0.004607547808156145,0.1550051597931501,0.05556966268650325
241,baseline,Terrestrial saline flats,78,0.2200213966550289,0.05594528780932138,0.5776035770200112,0.04441751667721477,0.046869482036893347,0.03054712558754317,-0.018162577112061075,-0.017270595674333793,0.204664085,0.09225327000000005,0.00865599990395356,0.10643621064980732,0.5444209884474288,0.06389202670276427,0.09104844215939502,0.05512574822927537,0.013355605269392399,-0.026091612964179167,-0.023672118,0.1481957795,0.6462261454613373,0.016341977620573878,-0.1462790599059931,0.046118772992885054,0.01616744990861791,-0.002381973132440441,-0.014999585077552903,-0.012785514834207768,0.652722575778488,0.06331650869825012,0.0994827159501898,0.017789247546176546,3.1384945682687793,0.013720756369055903,-0.01778916217446593,5.511251853171413e-05,0.003720285616993407,0.0028052258115351947,0.10491553284822999,0.019614577843181075
241,present,Terrestrial saline flats,232,0.33537211727743466,0.060596820314983306,1.386596055428696,0.08265932355598515,0.011098937394601292,0.05957170654763127,-0.014906262333000362,-0.002273304673798288,0.329682835,0.10594475999999997,-0.025443675747838797,0.09655049562289751,1.1619514647651592,0.0725513243437188,0.038383616822934924,0.0885928674590526,-0.004106125179887512,-0.013561328982737354,-0.0609358775,0.1420061695,0.7698723900943475,0.021293653866538483,1.5404954880998003,0.09579589122859541,0.0006451168424454609,0.021283879327968915,-0.00795105659141642,0.006109423231550472,0.795433221149568,0.11041298883221795,0.05989874498395809,0.01193904967792021,-2.284282867658361,0.023655350668199286,-0.007813795969270678,-0.0090269319130287,0.0018698964737963242,-0.003321255112382548,0.05931884082917955,0.02392878476515537
242,baseline,Terrestrial saline flats,74,0.16302661236863222,0.05268336034418148,0.3484367616282153,0.034126459342877905,0.04951749056294086,0.017987623119910458,0.0017730256737704415,-0.015729951420978716,0.13807164,0.082067255,-0.004171499982253816,0.1073047424554379,0.3762046408632813,0.07851289680510203,0.0998004625518686,0.03942303169291946,0.02213146424498336,-0.01681944087753157,-0.052746916,0.11098684725,0.6041820632267519,0.007962429273593627,-0.4720156199601641,0.045693431812887916,0.0070917665447414,-0.0036203766671255863,-0.010678828876954392,-0.010989874444586687,0.616832994823084,0.05756183386968872,0.12168424322478684,0.028140510068893995,3.0855826338105112,0.015437536654283868,-0.028096381496042187,0.0015753265586482751,0.0005786360185948351,0.005171306014417722,0.13282702869314733,0.02632922263582639
242,present,Terrestrial saline flats,230,0.24749674280961903,0.056975277605490794,1.102933395428699,0.06395787335366043,0.025694705568243097,0.05085237815465505,-0.0061110559263196544,-0.0001728155968286144,0.23468667999999998,0.0888967575,-0.027766388550024404,0.12798742197234877,0.9425662673940257,0.08599723315741926,0.07521995814586935,0.10355065465588198,0.009223558583194085,0.024683265916950584,-0.081639548,0.12587419175,0.7135306944918345,0.028000916682871944,1.3681877003201772,0.08779199363167903,0.005634492287226674,0.027428157644040174,-0.0016022897893064629,0.005746325732679573,0.7260095138476688,0.09113382126840253,0.08261780934256428,0.025055315813184282,-2.584573094441156,0.02566978644912128,-0.021267816836959656,-0.013245709399195567,-0.0020141349723178004,-0.004951712208522218,0.09156526860212211,0.03928145116349449
243,baseline,Temporary floodplain,63,0.04718840584897662,0.06817611682337764,-2.4767714797446585,0.03798231129796202,-0.05365645279839838,-0.042059101015215275,0.009534612131796941,-0.03018896787098434,0.08290082,0.035820805,0.051360527427475926,0.21724232674173932,0.6637994568587136,0.09327539603946564,0.1711124445610688,0.13384603036511683,0.005719415061076553,0.04965307766149329,-0.07934326,0.0747498255,0.4706512217839746,0.12251543120363446,-2.2862793840833944,0.06352739614885866,-0.0803679290450932,-0.09247176252248766,0.01712438744726228,-0.05229826654401143,0.5420958660600597,0.04578711092731613,0.16611134531426183,0.03555092984950097,-2.725460829665691,0.021221328692937372,-0.032516991967899804,-0.01437058963730016,-0.002703080538934446,-0.000864733654405704,0.1861307269770362,0.03853322051014582
243,present,Temporary floodplain,193,0.04393651959795048,0.10800236984370026,-2.5770995698058536,0.08404929080674302,-0.09124687169444733,-0.05777992988774287,-0.020193788753552894,-0.043011031874837395,0.1115241,0.04214657499999999,0.037051511757124116,0.17540951710389346,0.8938552444607373,0.08797514331902415,0.10987854837140784,0.13673040370895306,-0.01906289095404016,0.04213081019586227,-0.073693916,0.0963478961,0.5265550698740681,0.09899827822906831,-2.3353420239139497,0.09873758129369328,-0.06852751907576324,-0.07144675095230663,0.0011390281690653247,-0.03860984065648446,0.5914225504085876,0.08395063763122856,0.151768226315031,0.04971239908427617,-2.559307677243738,0.028881594193398804,-0.04152020562566035,-0.02733852862751075,-0.008635247104989531,-0.0032847246456651847,0.1704809081686275,0.047221109573109404
245,baseline,Terrestrial saline flats,75,0.15941726915393492,0.05179734772617371,0.4924227134872098,0.03862399229374605,0.04564330891388096,0.02448782519657856,-0.006089653829595554,-0.012335833991321758,0.13376267,0.07250531500000001,-0.0348647544714681,0.09516036559286613,0.47870980968629295,0.0723726811916558,0.08446338579354,0.04383413783867051,0.012634951904062422,-0.017592759386392008,-0.07943227,0.11020996264999999,0.5985010917180077,0.006723253981065765,0.9808825681361909,0.04431791990465015,0.00374007465024543,0.005586947798620298,-0.022377936446003676,0.002247573189256232,0.6017128023563862,0.04570651137433124,0.1266058378959278,0.023769461360466832,3.1138799356120086,0.017637898228883578,-0.023760334533980562,0.0006586320672852731,0.004395433610754149,0.006570361549614856,0.1391770605649508,0.036868372078092154
245,present,Terrestrial saline flats,230,0.23402869747214644,0.06083765265322645,0.9422278457066658,0.05951516430939738,0.035771776127503666,0.049209755262939386,-0.004498717675688518,0.008472700870736892,0.214232385,0.09860622249999998,-0.030028177407603843,0.1066893708442827,0.8265329575700532,0.07403329689702041,0.07227459523457057,0.07847932679902313,0.010670753552532636,0.01958483642406144,-0.07540994549999999,0.11212609275,0.7030414340728443,0.024621858128741722,1.2821536754556453,0.08487297040415229,0.007008643704264286,0.0236032796691172,0.0015283229041192239,0.009637326938387593,0.7169377184916099,0.10731799778076223,0.0916462194136878,0.026269371213298306,-2.5521070203680796,0.02436070563547451,-0.021835803868827993,-0.014604024559830831,-0.0016390017483649973,-0.005306829664741634,0.10037997279700844,0.0400157954131477
246,baseline,Swamp,73,0.24424370552381372,0.05293689633278975,0.7613034799313401,0.05004809069046521,0.038322999092444916,0.03651934739160868,-0.01523737405712352,0.004239197116689579,0.22019053,0.06931493,0.0036828271981062775,0.09389568459858703,0.7363216569808716,0.04661339596881873,0.069571427186528,0.06305724467075109,-0.01771491015609976,-0.0023193958326204822,-0.029494818,0.125198528,0.6859636577894646,0.015648616955716635,0.4150099952533601,0.04436754106258995,0.014320241704930452,0.006309507915765919,-0.015629573777361527,0.00377440694999526,0.6869897878759862,0.06426670376122867,0.11884360214458589,0.009771274008494032,2.729507115071855,0.013833961196952033,-0.008953296368074189,0.003913601908025465,0.0015424336706180378,0.001685361900112946,0.1213454562396136,0.01721680128132949
246,present,Swamp,230,0.32558628019266955,0.0835481776919851,0.926307130419152,0.06642406732040869,0.050194924467124744,0.0667889777836969,-0.006104700557469379,0.023826180553695946,0.29893592,0.10664264750000002,0.056520760146050675,0.11665947455342296,0.7621793341761619,0.060210260755846415,0.08438363610847506,0.08055330508547245,-0.007083811688500035,0.015989220928731375,0.016880268,0.15301165575,0.7685912750951169,0.031955284700307604,1.228741525834624,0.0657400229691524,0.010718555353205539,0.030104032809874195,-0.007383626891143484,0.011689699986938647,0.7780257436574631,0.07784105875588987,0.09915244624964192,0.01589096130962848,-2.332583939848348,0.024159715611365578,-0.010968196863496612,-0.01149875249354,-0.0019360148048017287,-0.0055103901147070386,0.10270593439077916,0.026594151543240047
248,baseline,Terrestrial saline flats,75,0.13008895124134146,0.025881169701733743,0.4617172322052358,0.02358302898917289,0.02317112174622756,0.011529703471964971,-0.00209642978754418,-0.0015577338966676136,0.12120518,0.03979387450000002,-0.05475073753636438,0.06944638356670484,0.48225893262188524,0.038469752873574264,0.06152599105857031,0.03220795887284101,0.006551627531618008,-0.009400316981582729,-0.073148616,0.09068159249999999,0.6382350336420565,0.011246854302484332,-0.36904746877213146,0.03398700023233945,0.010489619039592694,-0.004057046229157955,6.116514342750463e-05,0.004213560200217557,0.638366146847839,0.0369287945247313,0.14841793346019885,0.024635308071520007,-2.9481697650466123,0.016642184448996566,-0.024175909851106826,-0.00473537608325408,0.002863119889220966,0.0016545000416468146,0.1587697242864646,0.03826659620335257
248,present,Terrestrial saline flats,228,0.17483554439573093,0.0252630156873427,0.7627657504815268,0.030177184628787778,0.018263337769011467,0.01745481180517059,-0.0019632129485883222,-0.0007582030010844626,0.169146485,0.04303245,-0.013673593522555262,0.07602387665707866,0.5551118580564082,0.05145574100235831,0.06460824477343884,0.040067499663269765,0.005078223574551627,-0.0008644275558112452,-0.039778455,0.09192580950000001,0.6950781988176182,0.018358351573948262,0.8013473896445445,0.06241521907164255,0.012772630694613388,0.013186696995521986,8.91433320398017e-05,0.0023178989048211673,0.6973387596094398,0.050635674299168376,0.12996274354632784,0.027130191538886086,-2.6988547674691326,0.024584254863148122,-0.02451435544169196,-0.011622980263901085,0.0010889453356761575,-0.002512851543775482,0.1369332992485068,0.048122083311676805
250,baseline,Swamp,78,0.22031353041409893,0.01856234928819289,0.5208977865483734,0.040120504566346346,0.016100475720124425,0.009237721184499935,-0.02207060717278999,-0.010441327799699059,0.209271075,0.06004874499999999,0.04177261216434874,0.05091665518531296,0.18357611227811035,0.05063958144915886,0.050061111453228474,0.009294670264592176,0.0006062586183321656,-0.019443529975688895,0.021049515999999997,0.0617205255,0.6721740081275569,0.005757968268373064,0.10927222950601333,0.041810616279367524,0.005723626180221895,0.0006279346531842511,-0.016261196546818645,-0.00028276472838882947,0.6774299712863564,0.06242530404391078,0.12611970296900585,0.011806461276312066,2.6797211232808364,0.013229408431070268,-0.010569381047787848,0.0052612462530962556,0.0038650005064106625,0.0004082337930960962,0.12865963804159705,0.016048727554545644
250,present,Swamp,231,0.2670477020970758,0.06162500201131294,0.796766973801337,0.0533578543363868,0.043077250347453015,0.044068031217620596,-0.002047128971842948,-0.002406765991909571,0.25117174,0.09500746500000001,0.10362363786599951,0.11268756061566984,0.5750959939945328,0.06678055280584459,0.09456065017163726,0.061292493476995225,0.010204886357574957,-0.0024239191894789795,0.06251789,0.127744519,0.7424360852974735,0.03413947082555003,0.975860726567137,0.0540933978499533,0.019133651486117714,0.02827378377678458,-0.000438717315017127,0.0014726990867752398,0.7393651439311644,0.07476081779035593,0.10443480998415744,0.017780005739489374,-2.5950275986703315,0.016307458319652836,-0.01518972366630719,-0.009241260684425169,-0.0037647386274592696,-0.0028364726509785736,0.1103412967229404,0.024564028269562138
251,baseline,Terrestrial saline flats,75,0.15662475257211342,0.030475725758835066,0.6756483872511114,0.03135065723362582,0.02378025792431291,0.019059622073401044,-0.024061388187351762,-0.00570667080593409,0.14435123,0.05297996499999999,-0.005152832910379722,0.07690648377526144,0.49636749548685516,0.04642704941714834,0.06762527731170541,0.036625525459568375,0.006327996339160681,-0.026301224643177894,-0.033594277,0.09745068450000001,0.6032839365903648,0.005497695493694493,-0.652478251919198,0.04510494754458645,0.004368367412564711,-0.003337966729946753,-0.029057009538332807,-0.011084300064741133,0.6096378748487327,0.07314687978403134,0.1393441197798628,0.014981476485226736,2.954572601896014,0.014429677199078584,-0.01472023944429725,0.002785531974319632,0.005373463951740714,0.0022636467178606965,0.1434542002696331,0.019217652295830556
251,present,Terrestrial saline flats,221,0.2815939214544543,0.06429353052546245,0.9094137843912535,0.06500078364749388,0.039489630591968305,0.0507368420690375,-0.011835597086091767,0.008940028889788457,0.26012433,0.11350815,0.07022210081643783,0.10123089897968379,0.8277600429287584,0.05704513833906453,0.06848543641621145,0.07454823879285145,-0.005083479934242539,-0.002292407559780508,0.048313852,0.133556977,0.7169718694442935,0.02144401783508054,0.9000085656568454,0.0700133487884976,0.013329671362440662,0.016797790398757256,-0.00822955939888008,0.004297694335423953,0.7190684183665911,0.0684881599528836,0.09892135919912814,0.011565698685334453,-2.679711183486959,0.025671717760732623,-0.010353794315327423,-0.005154059502551423,0.002310457596201996,-0.0004996998223089977,0.1025170271223273,0.0260020370898882
252,baseline,Terrestrial saline flats,74,0.18432308690412239,0.04855965836000944,0.6598297453282367,0.043754431267864366,0.03836682126146439,0.029766213167476956,-0.02508917961893387,-0.009692956705220168,0.16403357000000002,0.07109053999999998,0.021015659609665123,0.08709525334896838,0.5961565949969011,0.04755668677121677,0.07207129283444465,0.04890104196326204,0.0003508451914982903,-0.012579408193998248,-0.0068324668,0.1034109575,0.6064528251258344,0.013957765754613173,-0.6385450357461934,0.05017054376800205,0.011207580722107837,-0.00831921626225025,-0.028883208640500792,-0.01223483652096749,0.6144547756666557,0.08254091071469505,0.12507324321493812,0.01413939794326915,3.0239787898148434,0.014377057310220657,-0.014041715330996846,0.0016591578470332557,0.005996485184008382,0.0033141440436688717,0.12804628981126387,0.01828820500202072
252,present,Terrestrial saline flats,225,0.30075072690120946,0.0806174950256558,0.9044342987515053,0.06444628322183037,0.04983212144553178,0.06337144606563282,-0.015014419900826482,0.01671496818859834,0.27142602,0.11869997000000002,0.07406564979002804,0.11614407414178411,0.8917274293764198,0.05520163312044493,0.0729464636508833,0.09037842330491613,-0.010400629127019086,0.00475121320617424,0.03931371,0.14405845,0.7189690177804338,0.02443368691936349,0.6210086905489327,0.07623269635836491,0.01987172107688101,0.014216882848083036,-0.01313671575916181,0.007180324160539429,0.7283278754280547,0.07918624923943263,0.08990181852107085,0.011231687274725816,-2.724761764957747,0.025708945819451264,-0.010269991924163786,-0.004547314033014261,0.0028752638615736595,-0.0013079662967600035,0.0931123064503291,0.024984621393933606
254,baseline,Swamp,82,0.19676055444247975,0.04821413969242768,0.16787109068197978,0.04857612039142273,0.047536379406777664,0.008055799102250193,-0.007494018602841443,-0.023811541698059203,0.174206995,0.07989968249999999,-0.010683335652899372,0.0825425167269505,0.45710400108165433,0.043148982528940026,0.0740682406674159,0.03643024556673562,0.0009355618567061924,-0.014066743063916934,-0.046937023999999994,0.097953752,0.6385652640932418,0.017983198955435518,-0.9753435450273439,0.06477781308464664,0.010086482584796443,-0.014888193770144692,-0.012250773476665644,-0.021320613531723105,0.6476601409828229,0.055518875604900986,0.12507941007808465,0.023663741740005503,3.0565975564193364,0.018813120007724317,-0.023578317779316023,0.0020088812397124423,0.0004284075708858593,0.0036269174791863845,0.13257970841764133,0.029645523517311534
254,present,Swamp,222,0.2382041723040107,0.05808913830694119,0.3365682833118039,0.04131662304065452,0.05482996269689278,0.019183930251653037,0.010555914022918092,0.0009906011181435833,0.212940305,0.0680923125,0.0354118723544781,0.12522582533691404,0.4950050179440403,0.08296518100915701,0.11019450945993448,0.05948678354219288,0.0175435397999866,0.010596637064882593,-0.0243856425,0.10036943749999999,0.7192331845267239,0.03995710805503313,0.3005874602774618,0.052688705833345444,0.03816553992947358,0.011830555608818679,0.010594970224210798,0.0043668655790303525,0.7094940493880776,0.05339148610039712,0.10407441991192944,0.031693501012426295,-2.7971289348679145,0.020195581232018322,-0.029831719724945714,-0.010702640079763091,-0.004208920419864936,-0.00699352143926974,0.11934783154076495,0.03966357887176608
255,baseline,Swamp,71,0.3078644768248268,0.09491144456040883,-2.0088146816106587,0.11744890707739086,-0.04025628423728152,-0.08595122970586726,-0.023341264095853298,0.0006256520247174654,0.28287742,0.20715136,0.17098196569639096,0.11516519499611375,-2.1544304070146323,0.160530236171674,-0.06346294199686733,-0.09610138985256746,-0.08450535096196363,0.010648667385030236,0.17816718,0.3635500005,0.6779229560815476,0.016318462993674916,-1.0671618771245819,0.0820812502906657,0.007875484345907884,-0.014292269966429318,-0.007028592831770959,0.011999720911579418,0.6774807293387799,0.1315893947681911,0.07562455467874657,0.016922480950179973,1.6844452677597177,0.01764061645396667,-0.001919084629156101,0.016813312454580176,0.004053374149471757,-0.0065540904198982805,0.0710614230789111,0.028489009253125107
255,present,Swamp,228,0.49899390923512993,0.1847997514203054,-2.412568936751172,0.09169724534216815,-0.13782829321485474,-0.12310284202440942,-0.04475752075207381,-0.018322221990483962,0.55485675,0.27508970250000003,0.15146671045212898,0.1465299214604641,-2.336368155349174,0.0780257226497129,-0.10153782003651372,-0.10564605522896882,-0.03738780955767746,-0.012008359722168592,0.18074632000000002,0.1914075,0.8020431259157366,0.0319246442625478,-2.2556621722553682,0.05478191700842592,-0.020194543935694743,-0.02472576200078616,-0.009160456619319442,-0.0003825891822770184,0.8177008662961835,0.06688457035271467,0.060275869949933496,0.011374070367254475,0.2462394129564368,0.022085638439281907,0.011030982368002235,0.002772526774637204,0.005285977556509911,-0.00674480816593411,0.055122435033054654,0.018493408175141897
256,baseline,Terrestrial saline flats,79,0.17470255977090582,0.03906989216936652,0.034536040109558214,0.03113781881364618,0.039046594411360304,0.0013490511482720058,-0.005131794176274772,0.005185555404277367,0.16170293,0.053245109999999984,-0.008334991850046878,0.05195008241718296,0.1588407996371137,0.04992031662986557,0.05129609850641,0.008217137042351413,-0.00663326899598255,-0.0014605408939549883,-0.027817244,0.06383810625,0.6233766205224072,0.030168654162750417,-0.26026108737306614,0.046085416836814004,0.0291526591082948,-0.007763385917703316,-0.019785421899877108,-0.004013193447003415,0.6231155292066078,0.0733208150101683,0.10644827317879652,0.01753822867287702,3.036531323151358,0.013384830607283474,-0.017441525212708836,0.0018392017933243803,0.0033261462843162523,0.0010481284636526494,0.1120956346161615,0.025497546265156906
256,present,Terrestrial saline flats,225,0.3262793445529891,0.05323652766561011,-0.5124113470991994,0.05831734607580426,0.04639908394275281,-0.02610082158026158,-0.013169659637287773,0.009625521136107453,0.31708705,0.09720844000000001,0.1404655168779483,0.09579217182491888,-0.5275195114897684,0.060612796503710334,0.08277002923717196,-0.0482209751354375,-0.0025490290414637707,0.017061932104620835,0.12762576,0.13618591,0.7582918163546384,0.029877548725946244,0.32188552662033854,0.08672332143973083,0.028343055972335787,0.009451936099039852,-0.005847699290686752,0.010594454441847267,0.7665057285819578,0.08309710135761084,0.06929346463360679,0.009951586354411254,2.8321684692285727,0.021278097923959093,-0.009478976258787932,0.003030359723636617,0.00135015432681891,-0.010673220473817422,0.0662159393575293,0.0280467551760019
259,present,Swamp,7,3.215289189578331,4.84285716755262,-1.766326013237939,0.14948796969436923,-0.9409001002658544,-4.750576022614046,-1.5276785324037758,0.6090798274317138,-0.09700339,0.14963553000000002,9.768337829587896,13.481372848192077,-1.7060822599787993,0.02972432583004881,-1.818281788788351,-13.358190940712413,-4.481181019883461,1.3474261773122498,0.40729207,0.18990685000000002,-0.9250320286895778,1.7353137935539371,1.4847021135737266,0.04039206274899112,0.14921597943232667,1.7288865068536476,0.47203625488005757,0.05192073330564511,0.2295255766464159,0.19012408659837216,2.17702393328736,2.9860784547478203,-1.7196687055686262,0.03647358651591025,-0.4429043488924087,-2.953049318186427,-1.0028590696867483,0.31515162748919134,0.1110710168934722,0.08204176250590708
260,baseline,Terrestrial saline flats,76,0.11771088398591685,0.026517348408694994,-0.829765608666536,0.029315333222663238,0.017900501736447853,-0.019563788084406005,-0.01834542898161195,-0.006060075883037093,0.1074046125,0.04995275249999999,-0.019423622175747245,0.07487361010050367,-0.31814066480602077,0.06663135793303239,0.07111635213549776,-0.023420545433916102,-0.003466197541685345,-0.024820779239985505,-0.058246299,0.07764507652500001,0.5727350860814011,0.01658826172730658,-1.1738538890184809,0.039295476362558264,0.00641302737698724,-0.01529848054532333,-0.021482841574195007,-0.0055751284556104135,0.5714031401243576,0.0583475618028233,0.1483580872392379,0.025128629517529043,2.3858087102069967,0.02029557243378696,-0.018286960383502873,0.017234706303312176,0.012995314482326313,-0.0024193713903938813,0.15510848468334104,0.048496130363866324
260,present,Terrestrial saline flats,225,0.19044991640778725,0.03460512588191254,-0.8492653036965548,0.057055996150085345,0.02285789442452399,-0.025981366395559882,-0.013531554202241527,0.0067096540222492725,0.17644079,0.07480471,0.06258278446788039,0.12662736352253626,-0.3527666992033245,0.10316229066186576,0.1188297041284016,-0.04374917838571462,0.004662410871531083,0.03571527723693121,0.002953202,0.186084166,0.646929173938659,0.01010075091015204,-0.34198878095352825,0.06744379677810851,0.009515812069238995,-0.0033874016017978637,-0.007817894300052638,0.008706390470003374,0.6566229172073942,0.059634809066035466,0.11150752963469655,0.026780730896376174,2.6052096954992323,0.027151204464151136,-0.023019717840546346,0.013685764059260619,0.0027001817697980194,-0.015714776346963808,0.1117297664009014,0.05909471651450511
261,baseline,Terrestrial saline flats,78,0.12487695913486492,0.026266455131442712,-0.35366720614203995,0.028531453148163695,0.024640795913292515,-0.009097133720659492,-0.014721470170814717,-0.007446013428580495,0.1113431675,0.049686847500000006,-0.02173731173814081,0.07652368288018208,-0.13298741647933562,0.0610599777230395,0.0758479939461052,-0.010146716508223817,-0.007005799616747595,-0.025826664290907388,-0.060941738999999995,0.07257088249999999,0.5701859042989502,0.009189993568950741,-1.7044480199112215,0.03440282318266847,-0.0012246047814283428,-0.009108036282682388,-0.02178419545131586,-0.004255018781577959,0.5747010297783269,0.05274979991261153,0.13329305504111622,0.024562834706496443,2.436913576646631,0.017352473360074908,-0.018712446001162543,0.015911543403210205,0.011000182119124801,-0.001690742782367344,0.13977597170135064,0.046286341412705156
261,present,Terrestrial saline flats,219,0.2214942349526362,0.034042911783894236,-0.5580129948884219,0.05758207156710942,0.028878905301747887,-0.018025777966531233,-0.011086527465143759,0.008873161548252677,0.21171618,0.08603305999999997,0.06235746120850922,0.1002555095164566,-0.36087227533205957,0.09541100937504414,0.0937979706957022,-0.035399263859189393,-0.004804508164716712,0.02293019974063709,0.014390738,0.17368953799999998,0.6776108973273796,0.018882782742639517,-0.17112155487299882,0.07677349244080475,0.018606988366955197,-0.003215504317788842,-0.0014635494569007427,0.010461293597581208,0.6874465291181067,0.07484580390112539,0.08812985822308589,0.022401350544598773,2.61957141155961,0.023257689207890835,-0.019417783944896336,0.011170056977980094,0.0018731565488208687,-0.013307012655975867,0.0891310631878695,0.05035622474342505
262,baseline,Terrestrial saline flats,80,0.09088183122640374,0.020061416256112536,0.1140142299087708,0.01873486459677887,0.019931165815626675,0.002282334644834306,-0.004068534489451126,-0.002358301715312915,0.082157572,0.030878072999999992,-0.016141974042086532,0.04914876452095685,0.02974158576314434,0.047918656708465096,0.04912702856041508,0.0014615467014871617,0.011606886967788213,-0.024170112726440575,-0.032680848,0.059353733825000005,0.541030588614412,0.016860489380202667,-0.5206636154784607,0.03335620616754947,0.014626293308375843,-0.00838735036810118,-0.012909451798053155,-0.0025763901805850157,0.5420302202440259,0.04238525719840247,0.162196596608404,0.018439068149186822,3.040044500737699,0.01688481564393356,-0.018344077732429836,0.0018692368381047267,0.003956371051867595,0.0009524561005584886,0.169158785263117,0.018364868356996078
262,present,Terrestrial saline flats,219,0.17594882796448827,0.03977177509986845,0.6629224789498391,0.04172568544115334,0.0313479953830528,0.02447646379807786,-0.00033573723492380156,0.0023487464660155726,0.1635685,0.06290875000000001,0.04905442061407652,0.09287251857651099,0.5241117137920709,0.061506340563158006,0.08040613088999446,0.046477508776239906,0.01508456726656861,0.002651973623802038,0.013506734,0.085932931,0.6220877616532297,0.023455046478245412,0.872826213545601,0.06362231298657572,0.01507370972229061,0.017970043976150256,-0.005926733998144374,0.01089960141784808,0.6261041934307362,0.06366519516580371,0.12679775174539346,0.02154181112052566,-2.844547761315371,0.020039210333835444,-0.020598400655678153,-0.006305197600437341,-0.0013207723324459683,-0.004376564659391953,0.1343478301601853,0.03353151517563274
264,baseline,Temporary floodplain,79,0.06066161423710076,0.04432834993122279,-3.0970798046952397,0.05316219582811836,-0.044284441224964416,-0.001972529598665458,-0.013517046219419793,-0.0023708247068071264,0.0849632,0.03444346999999999,0.09346563816813525,0.20144098672316146,0.056374680437694155,0.1465596050822227,0.2011209712274828,0.011350157026004391,0.03949419689000412,-0.023042553997323714,-0.042031515,0.05344199734999999,0.5259715727134701,0.06470497394414322,-2.889236895011508,0.07398515416820363,-0.0626555674624697,-0.01615591282064132,-0.024707286989512495,-0.0020999410279379763,0.5653222374967554,0.052261790401830543,0.1607873202765854,0.035029724373190595,2.9926484316922513,0.023992916942425887,-0.0346418857857327,0.005198205350883516,-0.003231141122839107,0.007601692341227086,0.1762961855089326,0.04321096618519546
264,present,Temporary floodplain,222,0.19424862737033383,0.08081940092675294,3.096795229846661,0.08734585082883146,-0.08073831993001158,0.0036192901290623973,-0.031080941785256735,-0.0504714762054726,0.21795884999999998,0.09278082249999997,0.04766997837760274,0.1638407319956806,0.8378101660252557,0.10677297513295265,0.10962450158527265,0.1217631065350297,0.016524288546353103,0.014651385765856523,-0.043633711000000006,0.1637416025,0.6345457526251216,0.08609058294722796,-2.8110556796857153,0.11088698723753904,-0.08143034511624998,-0.02794078321096173,-0.024401962740951407,-0.040183918306689666,0.6853243766200301,0.0846149233286867,0.0976586887268624,0.03243121569090041,-2.710099427593141,0.027965100172287326,-0.029458643567626445,-0.013563630426447265,-0.004484072056813526,-0.000425852241940156,0.11046269502454095,0.04746426720189016
266,baseline,Temporary floodplain,79,0.1183468277567382,0.01131936999256943,1.056537268927331,0.023923002811403145,0.005567883517323914,0.009855293509895783,-0.005554487164312214,0.0015744467872987704,0.1113953,0.027508414999999994,-0.07931905840342415,0.01804133454887646,0.42413529616627993,0.032755293758951934,0.01644278079629216,0.007424601806802107,-0.01185599136319026,-0.005588481361834121,-0.08919739,0.045128730000000006,0.6184533054014991,0.006613549315122721,1.2618311896148644,0.028804983540790134,0.002011001375260391,0.006300389512741338,-0.008048486454723808,-0.0005473558380142184,0.61911173655773,0.03423292531602595,0.18664142564588673,0.017242472679539676,2.6174064771049848,0.02117851377438756,-0.014927352666823499,0.008630006168303101,-0.0002908185662991624,-0.003415142496631363,0.1880276258459112,0.03198340353446896
266,present,Temporary floodplain,227,0.1669618047255938,0.02355506000245543,0.8418175513566757,0.02744817777749351,0.01569022090383832,0.0175686601568825,-0.007234043751287653,0.009419472259302529,0.15950035,0.03691936999999998,-0.0540796685901798,0.043064055750164004,0.4990989738117658,0.035927837737642465,0.03781085162131284,0.020611947926489075,-0.017068298582626394,0.0010890407404595005,-0.07229893,0.04976308850000001,0.6499513631702337,0.012037085604336731,1.3264109720814925,0.040033301803394206,0.0029124930964985656,0.011679418384875968,0.001180429651151224,0.010236908905609991,0.6520956450042085,0.02969670076709674,0.16491146256788047,0.019958476122587023,-2.9968977783376523,0.02007401338274082,-0.019749909009781037,-0.002877822656323025,8.729399495113025e-05,-0.002431752520557556,0.1735544728968401,0.02381840002402763
267,baseline,Swamp,77,0.12767817723490363,0.029541577017509337,0.39034997552167366,0.021552547249940112,0.027319339849784626,0.011240927134956693,-0.004706269004462833,-0.0015318520494867342,0.10984931,0.034832063999999996,-0.08201652615537203,0.045317018139747374,0.4609539712112984,0.028976807175818246,0.04058721643164767,0.02015713261872288,-0.0015801041353134162,-0.006068564350736272,-0.10170174,0.05111518000000001,0.6592204045219138,0.014195958732172841,0.035011716136644916,0.031206862067961267,0.014187258773982225,0.0004969233397805957,-0.011765554241078809,0.002634220766835274,0.6589365989508829,0.041344963101031196,0.17813706515254807,0.01752842051412012,3.1158222192486016,0.017791643767443424,-0.017522600390230982,0.00045166501315029153,0.0033820709448363403,0.0018452793579004437,0.1881973428345894,0.01797101537187648
267,present,Swamp,232,0.16930610321947964,0.03964269875133548,0.705257862607594,0.03190543184948613,0.030185711866957027,0.025697594505598866,0.0013899203168545402,0.012974146732332182,0.15301747,0.04017989250000001,-0.05957282565400861,0.06314022344756796,0.5825488867468268,0.03901463287649352,0.05272606967266613,0.03473685929789808,0.005271460510861904,0.007597244171393216,-0.090588845,0.0686971995,0.680388875883525,0.01391694454140238,1.2852180854338906,0.04630650787367182,0.003920574738525655,0.013353293192621211,-0.006315244467920262,0.011850689398819576,0.680790562471963,0.02528094166486794,0.159294079313296,0.028741468652887407,-2.6251310179663143,0.034273231766581834,-0.024992773115432215,-0.014192720399043943,-0.003094062594727891,-0.00784620664136248,0.17274314841902472,0.03341320820594862
268,baseline,Terrestrial saline flats,77,0.09072546506701533,0.011714548031532176,-0.04493180057929585,0.01458517349230296,0.011702724965350011,-0.0005261786468947063,-0.0023282275958934817,-0.004584126974843621,0.08576609,0.018614254999999996,-0.07510850562174522,0.041788477654728234,0.2804728842676499,0.0325884852278019,0.04015557812323181,0.011567472078580856,0.0014959030429352608,-0.010629780190635955,-0.091483876,0.046168124000000005,0.6070448597300762,0.011907656962760424,-1.9435383295357451,0.032585635896581505,-0.0043364175504990886,-0.011089985445008497,-0.01171259171610416,0.0008754902055106763,0.6097242571721515,0.04651218168751625,0.1728304078869522,0.0157424615056515,-3.111308767213935,0.022941746617717283,-0.01573524324319884,-0.0004766700476058839,0.005548114231159899,0.0002843167895114161,0.1810340446573516,0.026250209767869515
268,present,Terrestrial saline flats,232,0.13135139637973825,0.017873854725700567,0.34577256155561736,0.025933405398194984,0.016815970865998002,0.006057871456985105,0.0029563865619522986,0.005122061314912004,0.1244390925,0.02395654500000001,-0.049159333455596727,0.06246660005917292,0.48331155731389436,0.047085120033230815,0.05531172902217435,0.0290291018726074,0.006539127385260308,0.0032009992431262665,-0.079280895,0.06906910825,0.6435010551373956,0.005863618193038336,1.5554861142925,0.05294204552835863,8.976973342917068e-05,0.005862930982767085,0.0009481028326253921,0.012634088806075994,0.6507212384999921,0.02600690890592483,0.16350860100394626,0.032128032115865165,-2.8066484361342363,0.037284744315126295,-0.03034263392586576,-0.01056101387552179,-0.0015355292208905215,-0.007730483793571327,0.1781523632777473,0.047845014243493134
288,baseline,Temporary ponds,116,0.23170464634745935,0.029056540847279776,-1.69408775311749,0.0349887243341342,-0.003573353327425588,-0.028835979470221134,-0.015556010324718622,-0.0070231340076318365,0.239061715,0.04957876250000001,-0.055968678869715044,0.019771475817405376,-1.351092405297639,0.041188612027021204,0.004309008711528988,-0.019296209470313408,0.0005936582802831877,0.005453589468841836,-0.052631777000000005,0.05473497249999999,0.6751008164061418,0.009355204021876144,-1.7339780052464888,0.04924613810900995,-0.0015198318016414365,-0.009230923766646918,-0.02748748731487586,-0.009090915490434863,0.6887531647032761,0.07231007629316855,0.10432237668287096,0.009805426610515812,2.8426588701511486,0.022763168813386282,-0.009370566084864893,0.002887712288887422,0.004281931928521078,0.0015330839764804707,0.10489549812227306,0.02359862093809663
288,present,Temporary ponds,298,0.39629608312771003,0.04442358035925377,-1.850777593094723,0.060525897561896136,-0.012275907551898899,-0.04269375347415953,0.011160918883397203,-0.0016764310161726228,0.39594689000000005,0.08594431250000001,0.03582401141487984,0.04740356436216529,-1.5978367343763222,0.03258931715504214,-0.0012816555002512775,-0.047386235062691184,0.011885718640484452,0.0003886512025108766,0.038275076,0.070741008125,0.7292974949819394,0.015867314232960845,-1.0493914059093705,0.06328179709463684,0.007903491199904017,-0.01375886942377758,-0.00667365506848098,-0.00609340804898859,0.7395351207330064,0.06827534621091746,0.07732358207703162,0.0021118411848173894,2.2574815618518613,0.02140752782886295,-0.001338859141396029,0.0016331960658142683,0.002010084071728898,-0.0018672482241728497,0.07540912558999475,0.016242203471247427
298,baseline,Temporary floodplain,122,0.25575889109602584,0.029291444617523373,1.1848330764583128,0.0497331701516221,0.011026814159220782,0.027136655970834856,-0.021391695232338897,0.0007027625105489055,0.2441613,0.04257914999999998,-0.03094415785312213,0.04953214123257574,1.0075925096405096,0.051699251652524196,0.026445107056989905,0.04188184962281599,-0.021703088434219423,0.023731822014028913,-0.051533826500000005,0.06727882375,0.6963968937983883,0.01499240634229431,-2.6275304333851324,0.057165266465741785,-0.01305470122212804,-0.007372043402845329,-0.0254433986290827,-0.011605321675895812,0.7114298413560745,0.05315031307348894,0.12224076331469973,0.012499286745676423,2.962556446899989,0.026385575162166424,-0.01229949543800862,0.0022258888384300477,0.00464555409269437,0.007094258859015794,0.12600535455348927,0.026656694022659036
298,present,Temporary floodplain,294,0.3108855559562487,0.13839641880708847,1.1921835918961707,0.07557411007183248,0.05115571862444717,0.12859495009775238,-0.033538495969331436,0.05477105784868327,0.26767512,0.17240920750000005,0.009937140762680307,0.15527928293507695,1.011536801610827,0.07327668548399952,0.08238477158419548,0.13162220602866226,-0.03447093606869542,0.06195300316278963,-0.06281734250000001,0.19769707425,0.7312362309005536,0.04045910154903225,2.2546927286588296,0.06102761283824177,-0.025562787772770164,0.03136052900445424,-0.030549133492096547,0.011126663927639476,0.7406016336735506,0.07235772386750905,0.13362543889051198,0.036330741919686986,-1.9146275819601737,0.06573303017033612,-0.012246968466393608,-0.03420430633440857,0.005619488280614419,-0.014804157176080367,0.1329278765072924,0.057266741228592474
314,baseline,Temporary floodplain,121,0.2587903529094395,0.01084817348341588,2.134271631288453,0.04760647162112278,-0.005794307280283217,0.009171088870354727,-0.010425696985250919,-0.01967243754688509,0.25983882,0.06964160999999999,-0.09075666676712382,0.027688525066605192,1.8510879562903166,0.030702709766013633,-0.007659640298481431,0.0266079749485357,-0.01361585197169799,-0.0099680203115192,-0.09746006,0.0470742,0.6862281472372003,0.02331661602816317,-2.695913991270586,0.06281197331403414,-0.021039009849526603,-0.010051101808076482,-0.013687119436648233,-0.016392688992348657,0.7057969603154357,0.054008287496694285,0.101378196947479,0.007790351918374225,1.7537305642377325,0.02374874383416001,-0.00141718677392206,0.0076603632198439095,0.004093273197901034,0.009263998690522648,0.0970404275611458,0.020788220045329195
314,present,Temporary floodplain,310,0.3365525587546463,0.033523122560880525,-2.7203062300402925,0.049901585182134445,-0.030591982489487017,-0.013708769222462548,-0.0011110654277702147,-0.0023015491032477207,0.34085094,0.05621391749999999,-0.03830495011362036,0.017528297772206897,-2.1043924473437468,0.04912016681226991,-0.008915467595041342,-0.015091575807480181,0.012502225419566958,-0.010952772967961736,-0.043288756,0.046235042500000004,0.7016739234029794,0.029399634029273324,-2.8622566213159844,0.06542325875237168,-0.028260066514758115,-0.008105992945756441,-0.018643083691187213,-0.0003352911567607099,0.7144889729789152,0.06925916963730683,0.08901120518384806,0.007600345646427353,-0.1671592643645934,0.05134450573077397,0.007494407406794934,-0.0012645598309864365,0.008243314705129972,-0.005049194249041838,0.08119819673807094,0.01641638500518665
315,baseline,Temporary floodplain,123,0.3141412392959768,0.023478582176262554,2.7219671033614556,0.056092352336255764,-0.02144161706263669,0.009565609167573218,-0.01668142758869211,-0.021347389806905145,0.32545707,0.06583603000000005,-0.0547865376843518,0.02834346755202635,2.2207886882042356,0.03805613464912478,-0.01715290889796309,0.022563906337577037,-0.01823116989538867,-0.011755365588311494,-0.05851577,0.040329409999999996,0.7072478418007783,0.022776704095710296,-3.118172393992704,0.07471543943671427,-0.022770457772653668,-0.0005333875582935256,-0.015338574296307986,-0.014049582133139667,0.7300469108678594,0.07267276864371464,0.09265378368729378,0.006800333493878149,1.1764275254327012,0.02849609950519696,0.002612861659372072,0.006278334936664689,0.005919945816178296,0.009238273804396567,0.0852202697425911,0.022008036251507962
315,present,Temporary floodplain,307,0.3908347465259394,0.05193505952739518,-2.7948118164873734,0.055060733972395866,-0.048843453073113205,-0.017651274741747956,0.002485203396537696,-0.00917318340647235,0.40066025,0.071286935,-0.0032360634804591473,0.03637439223815633,-2.4350646071449074,0.049469033792548016,-0.027667106127249513,-0.02361414087445826,0.018972976963306683,-0.018024306494588208,-0.002459397,0.0634377285,0.7144565125800844,0.036888216797151006,-2.7652831497138255,0.07168440463657254,-0.034307044572700875,-0.013556077277749967,-0.02072478868712236,-0.005240690661876979,0.7313881243909081,0.07570573282464355,0.07898526088654617,0.008653792335758545,-0.09736065465316489,0.04986395901256849,0.008612809655534875,-0.000841208433123774,0.008656979161537919,-0.004038644982223846,0.0712606483271096,0.01544108207660011
322,baseline,Terrestrial saline flats,126,0.22623211861899237,0.01446178956470184,-0.6229476219151334,0.03689820583851134,0.011745319573460493,-0.00843746558695233,-0.009533673067026549,-0.013099822541367772,0.22137188,0.0455231425,-0.07623198276604838,0.007793108004485811,-0.0395578331682842,0.03512163700279587,0.007787011385488684,-0.0003081980724313909,-0.006036558950732377,-0.0020934043691140307,-0.0802174425,0.03655263924999999,0.648042778186535,0.00941032717959727,-1.1952992761726162,0.052223237333947285,0.00345109627435104,-0.008754666877284795,-0.011075864219605842,-0.019695812500986534,0.6615991805337342,0.05676042154818739,0.09286888303891729,0.013867602258370764,-3.111863588754881,0.01250513566580995,-0.013861474496344504,-0.00041221012064333184,-0.0008369618859082462,0.0007461673872331349,0.0967816278754885,0.019454155504445084
322,present,Terrestrial saline flats,340,0.16921658341254478,0.011619311280415216,-1.8257803061876952,0.036547418841979,-0.0029307377926067637,-0.011243628000879908,-0.0050001781530917035,-0.007810983060566316,0.16963293499999998,0.04610925750000003,-0.06029874630495552,0.01555145506919614,-0.41086331404193144,0.041619606833016784,0.014257206309754434,-0.006211265813851851,-0.004148904127369734,-0.013180583816913932,-0.066891383,0.0467487695,0.6325085448946833,0.010525593880560553,-2.5222264800182694,0.0578691604395631,-0.008570428699685587,-0.006110309193657828,-0.00865572296822513,-0.002455560676113507,0.6435620789761833,0.05238828702820664,0.13077623839464375,0.008446196532091372,-0.24081317210535758,0.07499945716531706,0.00820247613049172,-0.002014353789041511,0.008168421218238268,-0.007229522403662805,0.12421504814901035,0.01654111091173406
323,baseline,Terrestrial saline flats,128,0.28891206692002785,0.029428042814383444,0.651954124976721,0.04360994175167053,0.023392341506202764,0.01785519707934831,0.0013052601890573127,-0.0031928766918027612,0.27964226999999997,0.06449743249999995,0.050817645072395064,0.0933044755633524,0.647653607373815,0.05095617681031307,0.07441046954953692,0.05629215914823008,0.0058275088303337535,0.00023160843963555255,0.006737342,0.088104663,0.6491560950119362,0.016105544808589792,2.4735328107551653,0.07787230115174683,-0.012643255318246217,0.009976806530104328,-0.026154463014425117,-0.007730580663232224,0.6683581495844015,0.0814755796847928,0.0763625327308903,0.020984667880052158,-2.928835978457867,0.017452112301964463,-0.020511516985002066,-0.004431022117984116,-0.002026926561502981,-0.0033807648355460005,0.07965806233467335,0.028416742602684425
323,present,Terrestrial saline flats,337,0.3611062124215681,0.008449529281410979,-1.7279988237815955,0.052813848221765616,-0.0013228229472668639,-0.008345339090031377,-0.00037722071686117843,-0.007769993079786225,0.3704064,0.04384968,0.1110229064693147,0.03841062510281498,-0.3700367798292031,0.041740451255649194,0.03581076525373179,-0.013891191911823714,0.007815953403142452,-0.017625893284125085,0.098359086,0.06598998000000002,0.6867924319920496,0.00656371224085799,-0.9205021996155821,0.06384363772370778,0.003973806139934,-0.005224096394881307,-0.013848349166763937,-0.013221001606704714,0.6977952690713518,0.061279144828453314,0.07347866437190866,0.003714587819529517,-1.0972116829194238,0.043995211230177994,0.0016941467002636588,-0.0033057570429453533,0.006127119721519581,-0.0028217610079764558,0.0690345500456112,0.015990593426315293
324,baseline,Terrestrial saline flats,132,0.25593583231187805,0.015666616653834186,2.3573537181332136,0.04341529225999356,-0.011090805321325581,0.011065121540346985,-0.02027537039370797,0.0074156276042375196,0.25772783,0.05639906499999997,-0.06318256236510153,0.016531165877856663,-3.1124594874890343,0.044322968225588746,-0.016524151031863797,-0.00048153707787366,-0.01881774267484706,-0.00042882207056640524,-0.0576525135,0.06394535750000001,0.6868184004574772,0.008420200126047068,1.6702866865480985,0.04970302601935445,-0.0008363474040697406,0.008378561522265553,-0.01561751131636634,-0.002287433794952316,0.6937893893126033,0.060950161891434984,0.10187910413423584,0.01439961983737851,-2.8105846346764958,0.013499444744555913,-0.013617939663224188,-0.00467982593584528,0.00014078009546833426,-0.0021707685944987736,0.10557998241229011,0.019801866176056254
324,present,Terrestrial saline flats,344,0.32516496768246095,0.016501682775791476,-2.9722581817278186,0.05038698250390919,-0.01626566158731179,-0.002780968816780012,-0.01413490692327017,0.013942260578881541,0.33490473,0.057002292499999996,0.0031148185315994716,0.005090571762419501,-1.7053877143057619,0.03898940873360558,-0.0006830804342495204,-0.005044533872290707,-0.00943524567965824,0.0020365279781120633,0.0018862235,0.04600877125,0.6982727980772465,0.025852953813427015,-2.963051925581811,0.0604065729761641,-0.025441992622676757,-0.004591321407487373,-0.020259102002871433,-0.002270724894223781,0.714122428794735,0.05714279802205424,0.10071455344449805,0.008727792963156612,-0.784584288143013,0.06708336467627668,0.006176502360661509,-0.006166456729473488,0.008861777467383319,-0.010509627382613443,0.0931644333597296,0.01709908147332788
326,baseline,Terrestrial saline flats,132,0.23749589994710818,0.023835778968533842,0.4387864588853153,0.039935514562354536,0.021577765379607625,0.010126420900762852,0.0019736159666179486,-0.0063119390903257,0.22710294,0.05248364,0.04145226498459117,0.11837869757433413,0.6452338660238839,0.04153957343269114,0.09457974302425148,0.07119120907009667,0.00509051225239058,-0.009175491029507984,-0.020803135,0.16565189775,0.6313836848586393,0.01304196363562232,-2.997661312964297,0.06135475454210485,-0.012907106523417573,-0.0018706727843336233,-0.015522278588366495,-0.009800885502488163,0.6410410467104457,0.06814466671424801,0.08157603590319032,0.026957454556030807,-2.7601358938999434,0.015083966860624727,-0.02501984190851991,-0.010035530230791841,0.0010982904441356029,-0.0017365846576936782,0.0919925470878471,0.03907383995623265
326,present,Terrestrial saline flats,336,0.26215674169695635,0.0337397784906002,-1.4863666993035665,0.04853984633301583,0.0028452537831018324,-0.033619595231122464,-0.01053251537146166,-0.014403684884207143,0.26371011499999997,0.06045563000000001,0.08703019516656992,0.055131564631366675,-0.8892184722537733,0.047825044098823696,0.03473394079397067,-0.04281404881138317,-0.009149492601465307,-0.017217822215999018,0.072449612,0.07257184274999999,0.6726225505154776,0.018129377740041395,-1.3335939702946786,0.06711255133300197,0.004260118092966466,-0.017621740296437472,-0.010938733104555702,-0.007525642988526063,0.6798077263775427,0.06721787781220823,0.09686931118929701,0.007495981503236029,-2.6948089914038187,0.029755180980994896,-0.006760186742253841,-0.0032387673437145907,0.0033755220850907527,-0.0029401454214723565,0.0982422020078286,0.019302334715606786
328,baseline,Temporary floodplain,130,0.27112370569783284,0.022981160331007354,-0.39622344771861256,0.05082453582220993,0.02120069679579286,-0.008869283259222496,0.00037406945801697264,-0.020204981768304524,0.2660736,0.06447709749999997,0.1062539076983331,0.038625383434051315,0.07951413923553641,0.050952641952128314,0.03850334329297533,0.003068028795623921,0.010452255066486222,-0.013186555200663487,0.0899677575,0.05306933074999999,0.6610098427643862,0.022454273586977994,-0.19796034794933887,0.05721320991183878,0.022015736127961646,-0.0044160802826513435,-0.013597533759248792,-0.00996507183042687,0.664176271422177,0.07140617812565231,0.10063293187448329,0.00662532737615305,2.9315186235670807,0.01248776316998786,-0.006479672732309143,0.0013815947753854686,0.0024342701335571754,0.0035213156664907317,0.101505366102833,0.01795894866056133
329,baseline,Temporary floodplain,125,0.1928132324130776,0.009857713389954796,-0.7209730161550225,0.04125921584534756,0.007404757266093855,-0.0065072331377263835,0.009544245967168026,-0.012039904121387605,0.19622415,0.06309312,0.013826536878866508,0.005307437596013143,-0.07579437106693501,0.040705713021240465,0.0052921998444939765,-0.00040188884223340627,0.006369441388494643,-0.004748278038130994,0.011440658,0.049752011,0.6237845453330013,0.017466353677778032,-0.5929002475090995,0.053196346627969446,0.014485259345718168,-0.009759650223471875,-0.007330626341729106,-0.010727675789544843,0.6238109686482559,0.07108639511323867,0.11530784429614219,0.00583648923300164,2.648778571486759,0.010336909083979528,-0.0051419761199631596,0.0027612837863342996,-0.000953260866327192,0.0018989628356096701,0.1159487315314402,0.014103873467735603
330,baseline,Temporary floodplain,127,0.2703841852878858,0.02272665370941682,-2.420293011711784,0.046890469696610045,-0.017066538116128765,-0.0150078001572007,-0.00039565338312640624,-0.02218328970869312,0.27434272,0.06540305499999999,0.09540078997736867,0.05694488196594215,0.19891272214416253,0.07086709390431839,0.055822043196675344,0.011252514184109946,0.013862766677656008,-0.023239392978534206,0.07089094,0.09498033,0.6809623132010145,0.005511764325692811,-2.290698138083995,0.05286364025000551,-0.003633966022338656,-0.004144132832145719,-0.011703276150518615,-0.012969715100243894,0.6917565832198083,0.06842026810455826,0.09808276214310481,0.014634856316028785,-2.795392302524028,0.016852054231331275,-0.013766553021540565,-0.004965988048306192,0.0003810523374038528,0.0025626466766987817,0.10163788479204,0.02568213577334219
330,present,Temporary floodplain,340,0.22529562880810622,0.014691124954247526,-2.203979814800831,0.04571267675950316,-0.008692945987567239,-0.01184321926160928,0.0026742571577262086,-0.0157075700210438,0.23248488499999997,0.059091015000000024,0.024248834303092475,0.022258472414765747,0.08569465655791451,0.05521986441427132,0.022176794045925735,0.0019050984445641193,0.013875345299383095,-0.018572055441875162,0.0142425255,0.051319452749999994,0.6542370986852283,0.002199847972092748,2.961113638689112,0.07011018464219888,-0.0021641176499418813,0.0003948745339099562,0.00010527151393754033,0.0008028610106038839,0.662405112391327,0.05295308175374236,0.11212535641938044,0.003623731091404863,1.3461368185482991,0.0684182997081196,0.0008072746640567746,0.0035326667886437157,0.003876355294603144,0.004820317087225374,0.1095136908488043,0.017668843509567767
340,baseline,Temporary floodplain,131,0.2482299296684412,0.0677288669248557,-2.0625371472328693,0.05693676403818001,-0.03197894019415412,-0.05970382566455459,-0.027118828639609575,-0.018852225110527067,0.26017982,0.08629630499999999,0.0977973717148171,0.0744036248758859,-0.3733596180062478,0.14262403019065642,0.06927775057320443,-0.02713839844553139,0.009686477436868703,0.029728333465227446,0.029068243,0.248698246,0.6806266348526793,0.03165093567718384,-1.9052054943120635,0.05920661905026267,-0.010388189181680697,-0.029897612860675705,-0.020103718719992513,-0.026734825332931315,0.6991761651172967,0.0696903460083036,0.09786366193211862,0.023116224695122107,2.986737287233929,0.026579322269179997,-0.022839612459788324,0.0035653817245920607,-0.0012731497264690788,-0.003673975932615383,0.1052184179457189,0.05055635642167103
340,present,Temporary floodplain,325,0.2362263986160819,0.018565333216680465,-2.526839592578178,0.04953756985168996,-0.015166315810893317,-0.010707682390257305,-0.006666536592893521,-0.006902178275943483,0.24030395,0.059534700000000024,0.0630780651544838,0.09955253692752661,0.29937471584637704,0.07310196465842811,0.09512454824454195,0.029360312157372597,0.03364905642355536,0.0050097488589505,0.02164264,0.095028655,0.6679863600930279,0.029174878260090926,-2.667052083705267,0.05873895887408279,-0.025951134233708404,-0.013330872194840587,-0.008143808134593176,-0.004429604191258172,0.6810620447197604,0.05420668816696661,0.12215200852772151,0.018377667387074744,-2.6905336242880393,0.046980582139162605,-0.016539642556961425,-0.008011172366008686,0.0008710863323091056,-0.004895995608005491,0.1260908714975037,0.03574397368584109
341,baseline,Temporary floodplain,128,0.3053327322373984,0.0781324224027402,-1.8380207412244247,0.054267011946615575,-0.02063128680807201,-0.07535930888193769,-0.0331348944502644,-0.005711966909971629,0.31232189,0.10619053249999999,0.06325315404604215,0.05294104039420413,-1.7433066602838754,0.1071572840686036,-0.00908764510383812,-0.052155234296160924,-0.022596674566628137,0.04455535517875322,0.022303993,0.19380815150000003,0.7056644689798207,0.034439572653447714,-1.7305870278555786,0.04875419266205525,-0.005479734733416765,-0.03400083339866083,-0.021868105975364798,-0.01946029594633291,0.7143448470964984,0.06093909681763976,0.08719324315283138,0.017828600693163592,2.6539826628461576,0.01718457957200279,-0.015750768881504243,0.008352980445189064,0.0004311924052745182,-0.002513969080633007,0.08613694896453986,0.031609863845938446
341,present,Temporary floodplain,323,0.31533544499769645,0.07607957264092968,1.3176133200385785,0.06101198715823419,0.019056925313840994,0.07365415786504644,-0.022548947639822167,0.007301241963135781,0.29246795,0.10576966499999996,0.009287242205788547,0.11901479628672079,1.0972218053553218,0.06966810882173133,0.05427911566146569,0.10591647340323827,-0.006734687190993503,0.006584135276616835,-0.016185407,0.15303887500000002,0.7002222105682695,0.03375576958285152,2.726483906550487,0.06753424149136021,-0.03088897542774789,0.013613345553336665,-0.01832507853973678,0.0007245088300997478,0.7183213225427787,0.060710182543785796,0.09073653419058841,0.015115088951905472,-2.165813897843,0.043634564722638804,-0.008472359627528696,-0.012517389359041153,0.006050928539694675,-0.0037454659754494407,0.092040944421491,0.029251099134365036
353,baseline,Temporary floodplain,133,0.2462924748379929,0.026602262577099644,-2.28386186970508,0.05287726158570489,-0.017402016255779845,-0.02012088975305342,-0.009776577128224849,-0.02552558758498569,0.2535089,0.07593620000000001,0.0560991649731595,0.05415962041947854,0.2868489655567934,0.06350107872599978,0.051946667109799304,0.015323454576749072,0.007956821944958406,-0.02643112843305717,0.03618403,0.097542464,0.677760346196789,0.027491187497283378,-2.664694852711989,0.06643506099570519,-0.024423808311188615,-0.012619151223006398,-0.018384785895014254,-0.013115587158921527,0.6909912390113355,0.04943130171186194,0.1097809346124642,0.020798819684671274,-2.748311387568582,0.02143993870927392,-0.019210966734101064,-0.007970549379856542,0.0031646988965618353,0.0021908931651335,0.1130248378399633,0.0352625141839544
353,present,Temporary floodplain,338,0.24559686992919247,0.011620033170205228,-0.527618588560288,0.041252182557768594,0.010039807495788604,-0.005850421892836168,-0.0025329546194691704,-0.011069340668676916,0.243045485,0.0510547475,0.088969463350074,0.11446484396687427,0.3031027001873547,0.06959097751031107,0.10924696194938738,0.034165798822652756,0.017637609850805362,-0.013637063511789501,0.0514459465,0.141337576125,0.6669023051894402,0.008149417453141407,-2.513129327972818,0.06197707125678437,-0.006592323561620111,-0.004791061978776116,0.0019908005264423147,0.0020499366047450956,0.6781742521740267,0.04799574623703429,0.10040322949869386,0.022753101509298972,-2.7232509903874993,0.031828911708570606,-0.020790962513584185,-0.00924334928752562,0.00045867915618557026,7.64645239914644e-05,0.10391307450366699,0.03272426327686352
354,baseline,Temporary floodplain,131,0.22287668403485905,0.015002497991909473,2.0752908753892614,0.05822266141106868,-0.0072516827475005395,0.013133470345908229,-0.012400821611282033,-0.010810142110970977,0.22098602,0.08897185000000002,0.07678865025179346,0.10384472368157942,0.5901326995931948,0.09151871464136498,0.08628113771743555,0.05778660667220823,-0.0035261245384811237,-0.016191758145421144,0.041328687,0.197625699,0.6581089499115811,0.0144502117937096,-2.566970757802582,0.05654901904241639,-0.012129476981246466,-0.007853942261340872,-0.016367285021921592,-0.01606984890120564,0.6689343814127761,0.056516534608885394,0.09931862547346014,0.02661982997646931,-2.5442305950598736,0.02444641459278904,-0.022009867325360307,-0.014972678060259318,0.0020683266364929726,0.0018527858970810566,0.1016715446917179,0.0460299644300505
354,present,Temporary floodplain,338,0.23425962428090677,0.020183343210352773,0.31835654569586974,0.043252232279611585,0.01916915265191698,0.006317509774776578,0.010396405658200167,-0.007820318007594829,0.2272849,0.048929484999999995,0.07389908767501352,0.1189247741601628,0.7170040609497296,0.05752855730382323,0.08964285802169134,0.07814895978033626,0.0036247787975768847,-0.028283190218906434,0.052407524,0.18323593850000003,0.6438076797373249,0.013214645123293029,-1.8883312578152083,0.055735463677003945,-0.00412595151280914,-0.01255401807584011,0.0054028870389619555,-0.004083378255209893,0.6501336756809275,0.05625897506051869,0.09244297774452159,0.03173297282512343,-2.5772763497862483,0.019877624858939402,-0.02681291706851545,-0.016972007618338354,0.002429338019204159,-0.000328058370379342,0.0962852856757377,0.05030803348494839
364,baseline,Temporary floodplain,72,0.27755782198193346,0.05880520514889797,1.4346935044344313,0.06934082751017048,0.007978867654927776,0.05826139222117099,-0.07392935520801307,0.03358719847166648,0.24616344499999998,0.11706115749999996,0.016807521752998916,0.05482803105950779,1.5508929126494313,0.04865544294839331,0.0010911929603593766,0.05481717146830556,-0.06887867521633675,0.02343978004867834,-0.0006674547000000001,0.08335679900000001,0.7047235441163985,0.0268355144243555,1.704136241397015,0.04798251938077887,-0.003567651369033511,0.02659730621940548,-0.03393742780267649,0.009525932331493923,0.7086738202085694,0.0656695028141403,0.12883538838114322,0.01341809925902041,-2.2169043138257694,0.01582162790636579,-0.008078815648418546,-0.01071345534567591,0.014800932183161657,0.002500054097059881,0.13251067723098645,0.03169461865250296
364,present,Temporary floodplain,234,0.24085561511400355,0.051230662744341675,1.2516603604796788,0.058358933516045035,0.016073429444113548,0.04864386570914756,-0.010915389753315926,0.01396978124259748,0.23650317999999998,0.082754835,0.11637946449337871,0.04587993123219242,0.6163706156173471,0.07380469376783548,0.03743719307319712,0.026522154223796876,0.0015141252961665772,0.001236463667901458,0.11397553299999999,0.07823329450000001,0.6571394407978907,0.03052822735641176,2.0009264556922854,0.07767047749925014,-0.01272993748853445,0.027747456767472808,-0.009261227656890634,0.0060417300753742706,0.6696011973412175,0.07143771520426401,0.17711744039743654,0.024387865518444737,-1.8501800100928987,0.09841182716742056,-0.00672527782651519,-0.023442240138304378,0.007091252723242506,-0.006737025022818722,0.1774577041501974,0.05329841914342509
382,baseline,Swamp,69,0.1748245261123246,0.05790125093705424,1.0379287975276945,0.04077593742209832,0.029414147211243316,0.04987346793547679,-0.021809786020703006,0.014288147203632383,0.14765207,0.05187684000000001,-0.0916102667311645,0.0695724401761422,1.0128934761728616,0.04219665137946982,0.0368322210612008,0.05902297793030882,-0.02909330719768473,0.021326244946038537,-0.12169426,0.08267694,0.6689933661145736,0.010229808101409759,0.8780420869939156,0.036765912266195744,0.006533358620181852,0.007871734175628914,-0.014362292067306891,0.0026519636757397864,0.6678267235153074,0.05784228864740759,0.1660625394928704,0.014023589482778756,-2.507140041525017,0.014190437753177892,-0.011294546718360315,-0.008312296698763776,0.0035094938766200563,0.0038648516762556408,0.171691096376603,0.014164079551361786
382,present,Swamp,224,0.25708801099485895,0.08501401697540749,1.1104734933762987,0.048165912558628676,0.0377664024230939,0.07616483394790406,-0.030457589746489978,0.03575594956519957,0.222612805,0.09168796749999997,-0.0922838228648021,0.08931785304617601,1.1182156500433533,0.04710601779953304,0.039057611570040424,0.08032547448488642,-0.04615344112271952,0.02418422882327896,-0.12890106499999998,0.08911263850000001,0.7257193639881344,0.021781593148023477,1.836741241563537,0.047538008823837866,-0.005724661862431556,0.021015852269818728,-0.016907463684355223,0.013943029816122405,0.7322568214241367,0.04432552128816036,0.12141895315054299,0.022751793488196802,-2.2862132856749575,0.015903375239611085,-0.014923634014200805,-0.017173504439681006,0.000348897462978744,-0.0036717292743251306,0.1282057577000362,0.0308823357009073
383,baseline,Swamp,70,0.21564494511016186,0.09316742251872445,0.8790789669483643,0.049779265649494496,0.05942784198767327,0.0717530502171905,-0.026765738803587045,0.024955560931356265,0.16707061,0.08049777999999999,-0.06212926403622244,0.10805861533956643,0.8407593064174492,0.049446958332052024,0.072063990294986,0.08051984632293174,-0.022880885480176402,0.026722180108200294,-0.11231380299999999,0.11147344375,0.684768468113897,0.029999047852559423,0.8409106147136893,0.04392472257769747,0.020002899109389075,0.02235680879015947,-0.016795419567578563,0.00638922836617261,0.6803607681335722,0.05689849020071591,0.15005070026279166,0.016254656954051136,-2.346031382924062,0.015310297384640287,-0.011376374084748403,-0.011609995063640117,0.004566026841446548,0.002827755728812554,0.15708093293234,0.019717603395291328
383,present,Swamp,225,0.2854351168424934,0.10946587240311076,0.9863044002200856,0.05608076597358705,0.06040061101180348,0.09129372054185836,-0.025206308987094087,0.04651760605828955,0.23958302,0.13697934,-0.05412413026429273,0.11186645943746659,0.9128268776020289,0.053138364629706704,0.06840762302416893,0.08851272145436243,-0.03987624067458899,0.02992983443702773,-0.102061816,0.13031685799999998,0.7476252954912372,0.025391633425301933,1.3501166242362712,0.052947924341659215,0.005558048088620654,0.024775858198042115,-0.01278178552718878,0.015541200892285723,0.7531211838789535,0.052194284374819766,0.11458184647555443,0.02597138539306301,-2.2560215216510677,0.016864896749210687,-0.01643592347778757,-0.020109034752252977,-0.0006810021681097406,-0.004178447188486225,0.1244020216877523,0.03682241966753
384,baseline,Swamp,70,0.21564494511016186,0.09316742251872445,0.8790789669483643,0.049779265649494496,0.05942784198767327,0.0717530502171905,-0.026765738803587045,0.024955560931356265,0.16707061,0.08049777999999999,-0.06212926403622244,0.10805861533956643,0.8407593064174492,0.049446958332052024,0.072063990294986,0.08051984632293174,-0.022880885480176402,0.026722180108200294,-0.11231380299999999,0.11147344375,0.684768468113897,0.029999047852559423,0.8409106147136893,0.04392472257769747,0.020002899109389075,0.02235680879015947,-0.016795419567578563,0.00638922836617261,0.6803607681335722,0.05689849020071591,0.15005070026279166,0.016254656954051136,-2.346031382924062,0.015310297384640287,-0.011376374084748403,-0.011609995063640117,0.004566026841446548,0.002827755728812554,0.15708093293234,0.019717603395291328
384,present,Swamp,225,0.2854351168424934,0.10946587240311076,0.9863044002200856,0.05608076597358705,0.06040061101180348,0.09129372054185836,-0.025206308987094087,0.04651760605828955,0.23958302,0.13697934,-0.05412413026429273,0.11186645943746659,0.9128268776020289,0.053138364629706704,0.06840762302416893,0.08851272145436243,-0.03987624067458899,0.02992983443702773,-0.102061816,0.13031685799999998,0.7476252954912372,0.025391633425301933,1.3501166242362712,0.052947924341659215,0.005558048088620654,0.024775858198042115,-0.01278178552718878,0.015541200892285723,0.7531211838789535,0.052194284374819766,0.11458184647555443,0.02597138539306301,-2.2560215216510677,0.016864896749210687,-0.01643592347778757,-0.020109034752252977,-0.0006810021681097406,-0.004178447188486225,0.1244020216877523,0.03682241966753
398,baseline,Swamp,74,0.19918491892202392,0.04001988877434288,0.779330083879627,0.03519938681681514,0.02846952923302307,0.02812609824986075,-0.016870400275493018,0.0170302691167448,0.18680806,0.0438521875,0.0016328582683459987,0.08314461168378427,0.5803738748157135,0.04567494217686903,0.06953032166009393,0.04559123623999627,-0.014997820587615833,0.01456560819906595,-0.029889685,0.09770103175,0.6598412099964618,0.003504185139833166,1.1665901065644386,0.04007206877255044,0.001378157719747945,0.003221799930741623,-0.013981529935618839,0.011256545070441144,0.665127081482336,0.0423318146653624,0.13059929900374184,0.011444501909937732,2.251190571133378,0.014616081127552359,-0.007199730758737385,0.008896094703197532,0.002092558328999346,0.0003478198409513459,0.1305085897476507,0.021461360688525666
398,present,Swamp,230,0.2568726509153427,0.051226662220351035,0.8686770127515693,0.04738030537519526,0.033084083072480924,0.039110284702250905,-0.0016120033771469169,0.00946212354612686,0.24366431,0.06820986999999998,0.02353831768436175,0.07754042742129455,0.628738387482005,0.04367668001263726,0.06271238214435006,0.045603453931232586,-0.0015109357646967709,0.010081264471320702,-0.004959504050000001,0.09358471925,0.7264043601191633,0.0311355592474441,1.049077760095311,0.059523963915975316,0.01551705383501712,0.02699340826817322,-0.00039666791629461686,0.00678742407150858,0.7279900440320055,0.0598335698152771,0.11492932820482614,0.016325963059418837,-2.662541459123532,0.021651668440630933,-0.014488192859168199,-0.00752524667323644,-0.0036717682352327224,-0.003168284192617743,0.12088062598964211,0.024487067134603274
399,baseline,Swamp,74,0.23072213036717873,0.09511901769173942,0.8667849045604439,0.06491997581062303,0.06156869491473628,0.07250464352810489,-0.029677780185536892,0.014220566053368045,0.19507342,0.098790195,-0.05861475379600766,0.12165070445243986,0.8573151150353577,0.05517869360026039,0.0796167163782681,0.09197865169112497,-0.028061150811582655,0.022908349257476097,-0.10358055499999999,0.139292399,0.6879263127052437,0.022133719834998906,0.6971648260756964,0.04581430942520338,0.016969161155887154,0.014210880458288097,-0.019925712163564143,0.001913391650968792,0.6800539938203145,0.06030705910633494,0.1379885617461064,0.011798963988394121,-2.411822703567004,0.017822991892479288,-0.008794095824192383,-0.007866347934991396,0.004618056733268906,0.004236980263846333,0.14170146861942765,0.027337081707828753
399,present,Swamp,228,0.29886852446835416,0.1182979269990854,0.9918878577304687,0.05608699775488234,0.06472204812113183,0.09902250259050634,-0.026461829676235307,0.05287470009678854,0.25271907000000005,0.136576605,-0.06272813473019262,0.11410814860904415,0.9498308762093204,0.05094760182844045,0.06639047708650896,0.09280611041957008,-0.04622128404411517,0.041779785306007886,-0.11064832499999999,0.12963294649999998,0.7488931499822656,0.03812447285251382,1.5067400440326995,0.05779695638470408,0.0024404422738032146,0.03804628328484003,-0.014071156412168564,0.01964150185704961,0.7520043790237718,0.06110630185450794,0.10511847708429385,0.024194056774946338,-2.218112208725371,0.020405807786893562,-0.014590164131144657,-0.019299727818173674,-0.001721310006036601,-0.005584107002340102,0.11285544206175065,0.03520265504212379
411,baseline,Swamp,79,0.2653251577156224,0.12049155651256686,0.7991367554846509,0.05640930278137324,0.08402185939785937,0.0863628527443799,-0.03275465693546089,0.019873309674027867,0.20114192,0.128589495,-0.05383135659996883,0.13745575791882658,0.9030819228759143,0.039248240709116186,0.08511162481349113,0.10793561370857431,-0.03744965543807832,0.029162483050266894,-0.118968494,0.14175762725,0.7035881713741476,0.02754823993578827,0.5148550496611329,0.040874986418738705,0.023976999230428855,0.013564992866337004,-0.0231206379776705,0.006252309116830437,0.6995377978193859,0.061091050481121956,0.12263309120073766,0.022781523232401405,-2.6410452036894494,0.014559583812187516,-0.019986685254514965,-0.010932987392538193,0.00413738712458507,0.0020126243634494743,0.1337113598390204,0.03357898310009354
411,present,Swamp,225,0.35250415892568965,0.11583987547550526,1.0745181206393721,0.06520743223342304,0.05515785688213602,0.10186504589087644,-0.021522692129850467,0.02236145988952733,0.3012904,0.15603676,0.0036686148510364706,0.13411678653060305,0.9629126160323406,0.05251838593520111,0.07659833035459608,0.11009090887163894,-0.025782150835062943,0.02009952591760712,-0.04596428,0.170329774,0.7770372573138795,0.02984715314582378,1.5037095950911383,0.06396302120316893,0.0020008463220997433,0.02978001284260298,-0.011969081078064383,0.0026208690755370975,0.7847794799784344,0.05618069378473389,0.09250189661608711,0.018942205187329617,-2.1919613270413945,0.02215865160989578,-0.011024040163240455,-0.015403820170274595,0.0005761022192662821,-0.0007141683645904018,0.0967558549262007,0.029778566630988795
414,baseline,Swamp,77,0.26080892440804093,0.1147585148170818,0.8244979389512438,0.05825936776286437,0.07791250132145731,0.08425650634138764,-0.037853287298903616,0.016981895003502168,0.19583267,0.11996563999999998,-0.04467756656766153,0.1263535930852308,0.8714704981893645,0.04088034109948546,0.0813340487181249,0.09669541356582417,-0.03188574198074052,0.023080958567309216,-0.10608302,0.124814509,0.7003253205439872,0.03130156677892212,0.5104192046340029,0.04283288620048063,0.027311862341272433,0.015292163295842274,-0.02205341179495019,0.006551181286128082,0.6899796559173155,0.06656700778102198,0.12287859018873074,0.024448169365493762,-2.709533362739026,0.01470249365334086,-0.022201513758804067,-0.010237469030063114,0.004374369358669928,0.002510563635380056,0.1370384911940802,0.030742001042989714
414,present,Swamp,228,0.33112658332747863,0.10149695631676875,0.9984003325957859,0.058665837442431534,0.05497559169764006,0.08531891032509988,-0.013805293457214691,0.020352268893526145,0.288474365,0.13903312,0.0002579221243116817,0.1222770964082332,0.8774933602924189,0.05059205734723994,0.07814498190916995,0.09404812655467336,-0.011690550843910841,0.01369939663889851,-0.0448814685,0.147954416,0.7670247959113415,0.02429398224649922,1.4750318163299885,0.06569007484010668,0.0023229469515058405,0.024182669225164308,-0.011767097925607853,0.006577994021346173,0.7770268381851577,0.05970760018743848,0.09587841283043631,0.019811187653893912,-2.3416590669530124,0.019465996474712317,-0.013803531173372022,-0.014210759423885319,0.00029315984309029504,-0.0032592161155514223,0.10074555891501324,0.0296599183356068
420,baseline,Swamp,77,0.20481111704224092,0.08147395707986654,0.7914296426921691,0.045685870778892225,0.05726226347504222,0.05795721580585787,-0.02469242155851625,0.006275172903211929,0.15700024,0.10108073000000001,-0.03600902008852424,0.10932821448676519,0.7544255327360555,0.04075178367296507,0.07966365422135442,0.07487563474832526,-0.02078066119635891,0.008998079858835478,-0.09327429,0.1317466416,0.6628122196253529,0.025572232555566406,0.6791194105949911,0.03613725705151497,0.01989842224331481,0.016062125329567214,-0.014431190439459014,0.003651528411322279,0.6569286625760425,0.049571189861485565,0.14576594459744138,0.022040338846564207,-2.7931372474071625,0.015689898495614082,-0.020715741589447015,-0.007525595449572244,0.002316178219512153,0.0020250239185105653,0.1586198701495181,0.029104697159417492
420,present,Swamp,224,0.24983935388816825,0.08318245419523786,0.9275202225326926,0.04473555543177662,0.0498944981106044,0.06655719152904319,-0.005546786345992486,0.022453716641601784,0.21155411000000002,0.08593945,-0.024935284680357876,0.11500240740549703,0.7934023108023703,0.03911083763326503,0.08066549506709787,0.08196725940666753,-0.007267799206509533,0.018317573711070408,-0.074882225,0.14053267275,0.717415858158577,0.031988074758917656,1.1542286989983799,0.053430679257785066,0.012943142638682934,0.02925255519466313,0.000766359656926665,0.010533111181765439,0.714341852956139,0.05591000613823227,0.12434550876073118,0.024991914920168983,-2.5200928215911325,0.020784077801645488,-0.02031857894226618,-0.014551672108175831,-0.0034225507649409364,-0.0032493577689294492,0.13518915908346635,0.033738055623411506
421,baseline,Swamp,79,0.12560655187350242,0.018776774849527257,0.3390558644077383,0.020195664655675877,0.01770779620204988,0.0062450962695948225,-0.00564882141865871,-0.0006205250212499348,0.117455706,0.028587554999999987,-0.07511298733169854,0.03928256682554595,0.3897863626764681,0.0313270770318906,0.036335991747990605,0.014927014440049357,-0.0035887222031567305,-0.008330920693008871,-0.09083699,0.05132624449999999,0.627523003882277,0.013232960573659448,-0.28380217782597483,0.025615213501355035,0.012703612254223774,-0.0037053314613352726,-0.009352946627496542,-0.00343205597588876,0.629596778621003,0.03293724957972011,0.17740232687583768,0.016340276414852674,2.9853634844751573,0.013162635880759155,-0.016141268600174865,0.0025424557598510062,0.0006672787522922319,0.003959931902661823,0.1855080138430682,0.016802319136268895
421,present,Swamp,223,0.17066732532969728,0.02484774784386439,0.22064574112732677,0.029012576301276977,0.02424534714629718,0.005438171996894429,0.0024512304746849333,-0.001932378611897445,0.16107452,0.035327180000000014,-0.035950238248758926,0.06599991756530119,0.1894667672814491,0.03692099837388232,0.06481883592261414,0.012430109744639378,0.009378065568175085,-0.009628716476141727,-0.057461016,0.0706196375,0.6725360273109052,0.011197220427482205,0.8295100206222409,0.062192831007349625,0.007560780331323262,0.008259076587797214,-0.002767997370324651,0.0014009096394862976,0.6766559962506601,0.04381101349061256,0.1503204882019022,0.024504497354729208,-2.9746039667737363,0.020270136207030595,-0.02416363387958028,-0.004072982732780824,-0.004185691737969401,-4.039915858989261e-05,0.1616008815724716,0.03166611815609066
423,baseline,Swamp,78,0.12960328281836628,0.03291195416169241,0.38895881568849705,0.023564991747415037,0.03045357615205897,0.012481042676478893,-0.007530595940185976,-0.005098075707696036,0.107014497,0.044359504999999994,-0.0685964208805362,0.049792666154063574,0.4403455317870765,0.03388197041027917,0.045042666563142465,0.021224226525638004,-0.005696057524619169,-0.00692935010892927,-0.0869216825,0.056693011,0.615099628156862,0.011425890666031033,0.06938683829704095,0.027293710280270788,0.011398396533926509,0.0007921704156728183,-0.009216381302265148,-0.002883884722501825,0.6124481098988147,0.03190073781647962,0.18779928468473292,0.025209156505661894,-3.070076460769085,0.017434398151511953,-0.025144717032377258,-0.0018013264803006825,-0.0004346572264432388,0.005537838795783169,0.20184233577333474,0.026118885836904582
423,present,Swamp,225,0.17694603190919683,0.038632202902353946,0.2079293343930186,0.028744714169537666,0.03780008334837393,0.007975010968307735,0.0074800723737249355,0.0003868292668270111,0.16178513,0.04380992,-0.035710348572806055,0.07650488354936935,0.24855902198335889,0.03784686582295022,0.07415372929575709,0.018820776775525044,0.012570362447175656,-0.005343683405774505,-0.07017684,0.084532448,0.6738650501521184,0.021218252848507035,0.2888122997597452,0.04725673135626656,0.020339452759095895,0.006043253710021063,0.0058972792821336915,0.0019535593411653994,0.6699880195953163,0.035169263518143534,0.15324217595764666,0.03269087697355485,-2.9238702534481584,0.020891487851722804,-0.03191910935882106,-0.007061437179478448,-0.007119622019205838,-0.0020310147073526684,0.1685856835558702,0.042813132653236996
425,baseline,Swamp,79,0.16752745790277743,0.06563922650068528,0.5391240101309482,0.03524760228166132,0.056328875261287305,0.0336981582197989,-0.012351972031139781,0.0073193393305914485,0.12419253,0.070887433,-0.060055344509958294,0.07322173979438523,0.5905561680217473,0.03721590306364584,0.06082025576247277,0.040771554636830507,-0.0108461269696712,0.012586765468527923,-0.100927636,0.0723209,0.6435868744029202,0.027615773507320286,0.6058886175420894,0.028377220811618677,0.022700065329215625,0.015726982560458177,-0.01204957726994165,0.0015716322358572527,0.6315175630977846,0.03690495984568032,0.17939593588440636,0.023159864231714202,-2.8268545126552826,0.015335861546844024,-0.022022193211958203,-0.007169540945319788,0.0021101523886594632,0.003561197864270789,0.1903207226466682,0.026424759720157287
425,present,Swamp,224,0.2289271414025988,0.06838359565939686,0.6682136879190742,0.04413519885155699,0.053676314508470074,0.04236943964812004,0.0037586896105754513,0.011791453084651219,0.201692425,0.08556269,-0.03246359147995162,0.0754058039784267,0.5390647210222037,0.042237410734073694,0.0647124440835696,0.038708330555111636,0.00014130069695008442,0.0031218992974913987,-0.0651130325,0.08360780699999999,0.701678488291882,0.031297341694247964,0.9501817456022738,0.04875497052488128,0.018200507275238566,0.025461051275438334,0.004375019636156669,0.007770323895058813,0.699788581468289,0.04595978991212568,0.13858441877142344,0.032531408451354785,-2.69097380860741,0.01955551784514574,-0.029284050184758353,-0.014168166451783084,-0.006006123024579943,-0.002347309959183536,0.15093943087764533,0.03650557864248796
426,baseline,Swamp,78,0.13997726210209302,0.03801728513951572,0.421468249918155,0.02650462206498492,0.034690364463106596,0.015552896283203149,-0.007274755861172725,-0.0008747502194526331,0.117772475,0.053475777,-0.06754251562647821,0.057118678474003676,0.46056505587507035,0.03368881196346378,0.051166997798102444,0.02538664544491041,-0.0035417228265345077,-0.0005818830556682051,-0.09832355000000001,0.06241121574999999,0.6271674890543002,0.01730326708976317,0.3675261027868677,0.026421352034254116,0.016147739186649163,0.006217199621987072,-0.011772607337566573,0.0004038212660061719,0.6279344022894497,0.035085417017228115,0.18570529273814004,0.020561576699038665,-3.009701988704559,0.016080709123827395,-0.020382999958813888,-0.0027040245985276968,0.0003384561888904601,0.0042590358895262526,0.19622218320320173,0.019750869593659043
426,present,Swamp,224,0.21069669081322578,0.05649583220845587,0.4406494842744958,0.03852762302227069,0.05109905831320425,0.0240969976642268,0.007615132717163994,0.007739093817744463,0.189741195,0.06593576999999998,-0.020351332688255352,0.08271494643265,0.32120681620414326,0.04138865354386044,0.07848449901006574,0.026114091569402673,0.010107161610343201,-0.0025230931355306498,-0.057917218,0.09396287975,0.6884898546471332,0.026302030784263155,0.8647788493804949,0.05901282631481369,0.017064978944202096,0.020014577612586928,0.005795553375446678,0.011053847293113095,0.6895384743404438,0.04525358196285534,0.14298030114527507,0.031779055209376746,-2.8159826664126855,0.020939833177437868,-0.030109249409465536,-0.010165699680750694,-0.005341306053619037,-0.002917871205292451,0.15688196645934926,0.04055653300814929
430,baseline,Swamp,81,0.18224404032588554,0.07514853557625897,0.8320160636380239,0.038321650172150695,0.05060402234909045,0.05555659566018256,-0.023079872765511794,0.011674677774108362,0.13639998,0.08583062,-0.0812885274473385,0.08250781065436967,0.9168556492770861,0.031847751666155666,0.050191053044337935,0.06548585353553676,-0.02554125719204581,0.012881000074202863,-0.13017601,0.094581683,0.6591045609520809,0.023136246673971246,0.7817231910393446,0.03366942475827557,0.0164198081076311,0.016299564775398682,-0.017893712155274116,0.0021144438823112455,0.6559350082577473,0.04659147051841961,0.16296092013154517,0.017273006637654065,-2.5260891568700536,0.014629546362967247,-0.014103113629889115,-0.009972910520348476,0.0034045208737039645,0.002790358263774996,0.1710179740553606,0.024386253671778296
430,present,Swamp,227,0.2404083017117567,0.08423277715883751,0.9950811424770063,0.04091628132984309,0.045859257605437076,0.07065471845367823,-0.013781277160921935,0.0200115568973611,0.20677865,0.09811615000000001,-0.046857989558164934,0.08791513693147521,0.9628723298043399,0.042251553735313745,0.05021401710546543,0.07216386760569352,-0.023614894310740178,0.008778053968160256,-0.08023771,0.0947023035,0.7153096877709181,0.028987894186607226,1.204210231452751,0.04694486088667528,0.010390144080012192,0.027061835033318132,-0.007116367235056691,0.0055280263831526955,0.7146527512094165,0.051199531825792954,0.13473818749335353,0.028097406928760896,-2.5779742689489464,0.017527397810384985,-0.023751511677221934,-0.015010994942613593,-0.0029975719834494973,-0.002041531159984868,0.1451080262252918,0.032637423583831066
437,baseline,Swamp,79,0.177193142108024,0.049257485224496515,0.6798674754990723,0.035811299642986266,0.03830538101846649,0.030967686960307505,-0.014026864398979114,-0.005831011288071195,0.14517565,0.06661439499999997,-0.03680384005534317,0.06768771845291821,0.5317937709328325,0.0408971323903549,0.058339968175938145,0.03432310217028829,-0.004757262656636607,-0.010142699960169673,-0.075663134,0.0824811605,0.6444422549812451,0.019484174386649438,0.5557630674515012,0.033930732730439485,0.016551769113560398,0.010279688260874161,-0.015983572586229525,1.9523655062135644e-05,0.643099046034825,0.05220309530576661,0.15152669632232113,0.015304463179292314,-2.964992138188779,0.01550914605511273,-0.015066426971343914,-0.002688749062942625,0.004070974990250813,0.004763788108475903,0.1606199178184324,0.019143083817442313
437,present,Swamp,227,0.23571712626256508,0.05210980797764089,0.5614917262436246,0.0440339199622662,0.0441089610371447,0.02774584011505612,0.00968584060359565,0.0004833918260506139,0.21077736,0.06959976499999998,0.023399562721533484,0.10750746716197343,0.40814331840110707,0.07639408058646895,0.09867673201755348,0.04267034161942851,0.018744813343286315,0.0004478387572379711,-0.029947404,0.09212801400000001,0.7073495179252502,0.024257077708285554,0.659381580923047,0.04955146203225848,0.01917209667361594,0.014860569574660608,0.007463985637695946,0.0019402558317339507,0.7091249056762535,0.05523159139828526,0.11681063812767192,0.02565652212488222,-2.8354853057020284,0.017668019244550116,-0.024463848901801807,-0.00773157321988102,-0.004530149379046005,-0.0011069253087034726,0.1260493199604821,0.03320116529102486
438,baseline,Swamp,79,0.2142186204186089,0.06633989820505273,0.9955058441976539,0.051153825132588066,0.03609411485933738,0.05566144955332838,-0.029230469882832913,0.0011254684421892506,0.17488469,0.062157215000000016,-0.015151847910243049,0.07352194481860198,0.6365007073743041,0.06980654962696549,0.05912492201924078,0.04370034286053432,-0.021746245517256565,-0.024693382907948237,-0.068715736,0.0990776405,0.6478404399320097,0.01100241388413262,1.0990057982748678,0.04630787417548956,0.005000398373723557,0.009800465671681987,-0.02970108601747278,-0.006743390548648851,0.6509407798811543,0.07162130772379327,0.1305059839922318,0.012599046717610732,-2.751139146077435,0.01627407616871923,-0.011650798950183694,-0.004795295821420855,0.007170236400347296,0.003076229469030052,0.1371208868116013,0.026371950514792866
438,present,Swamp,223,0.2627945417906174,0.04236411400519223,0.7254736900200658,0.06645611771878318,0.03169620384531422,0.028108162822233912,0.0018381977183572352,-0.010645196143935115,0.24301995,0.08329871499999997,0.08096397398709926,0.14704917738711,0.4544546954371062,0.1281523766947336,0.1321237646153145,0.06455053364692434,0.03095803781600183,0.011931264594975233,0.004733169,0.09323434450000001,0.706841786531402,0.010824737385308803,0.827731543231559,0.07757869150768192,0.007323454294648505,0.00797132088521698,0.003185729478067875,-0.005384620695600007,0.7129411167716637,0.06405244348886519,0.09875287274080304,0.022397580244653367,-2.735307558410951,0.01720585349019636,-0.020574311647591687,-0.008851514053734525,-0.0017857243426969002,-0.0005796179159713898,0.1057581926495531,0.031028727904251707
444,baseline,Swamp,79,0.14516614679617576,0.03989350508197755,0.6333892871777254,0.027174245423982606,0.03215520593164419,0.023612168033014736,-0.010879474281091551,0.000703844314504523,0.12598306,0.04258855,-0.062266892987060174,0.04437474942198718,0.5006117468607707,0.03249429774006962,0.03892948445483283,0.021298207115742873,-0.00802339942397094,-0.008942433497424454,-0.08203347,0.06438590699999999,0.6279568689245203,0.01651603808090042,0.3174146468671038,0.031277018521272903,0.015690987829219134,0.005154843822372293,-0.018175892470024598,-0.003922409690648807,0.6255459245413011,0.04117682655564037,0.17653225798604597,0.019018815635836718,-2.929700957865605,0.016778052910662353,-0.01859345644469984,-0.003999840700452607,0.004638504888966342,0.0039197757091768565,0.1868874488161257,0.022781849133251347
444,present,Swamp,220,0.17156190043147346,0.04081791256308067,0.3797569683944842,0.026308443019601658,0.03790983032284051,0.015130986448369493,0.010442532560748579,1.0171528637780245e-06,0.15425281000000002,0.046651079999999984,-0.026383845893080515,0.07308631719866183,0.41912110591068097,0.05357747998544868,0.0667604746908726,0.029743045921908736,0.01131064267072273,8.12303360875418e-05,-0.06242793,0.07314578575000001,0.6667146555479927,0.026817089232055464,0.5335089215567882,0.04443556889384523,0.02309026164083248,0.013638038430724751,0.01300207779482581,0.0033265129827962253,0.6622970656821014,0.032996541324616824,0.1507196768805952,0.034951615707241875,-3.0119142687014735,0.0207583720281472,-0.034658145679881174,-0.004519776385934487,-0.0041549050838204085,0.0005120897194295185,0.16669640088258775,0.044790364327977616
446,baseline,Swamp,75,0.16380800608357876,0.02739686059807702,0.3180395112403131,0.0328673097528314,0.026022916194947815,0.008567135071958878,-0.013771097028815262,-0.011883273275559103,0.1464285,0.051854449999999996,-0.024828044238248654,0.05708772668925781,0.3434937087405104,0.05351265668454826,0.05375287905780022,0.01922593382764283,-0.005712088647702394,-0.017435078869411976,-0.0532175,0.0662763265,0.6498715539315308,0.022078553536723822,-0.12293990135773558,0.0306328486345503,0.021911913531068798,-0.0027075028496650146,-0.006211886788028799,-0.005878250984652278,0.6469610057575469,0.041957078821984295,0.160855804015645,0.020054894711214598,3.0330302806668907,0.014967296438434247,-0.019936829360470223,0.0021729327944958886,0.001228416036005937,0.0035395972631077446,0.1668505583224101,0.02276453063994424
446,present,Swamp,232,0.2453241784307745,0.07672855095604711,0.6520346494452729,0.05115569800064123,0.060987750831601975,0.0465592609511486,0.0037359179103871156,0.010022803727068609,0.21705033,0.08959700000000004,0.03714677351095917,0.10657050469406838,0.5158147950961032,0.0579297158632714,0.0927047355245614,0.052565240245523226,0.008892967816830893,-0.0003283231551705329,-0.00188164565,0.12125396349999999,0.7145011810346982,0.04282271664374655,0.6147561971080868,0.04887660958309184,0.034982480460517634,0.024698403219238885,0.005062416507433963,0.0054193055716536456,0.7071940894077776,0.07149887706162927,0.12942598992843135,0.028314245965246978,-2.738334786272289,0.01996549386230677,-0.02604308767115179,-0.01111099046589486,-0.006860785167111935,-0.0031146851118914135,0.1393790017989467,0.04147575267566268
447,baseline,Swamp,78,0.1700605466374116,0.036843709375814104,0.5511677668739096,0.03711851076527477,0.03138765576834539,0.019294402969185304,-0.01855013670696598,-0.013486528023131236,0.14979358,0.06033497500000001,0.016077918267150385,0.0830855829271586,0.40245761289132664,0.07500439791067702,0.07644714238455214,0.03254302554437373,-0.0037876717989860954,-0.022197843198370405,-0.0168831015,0.09103410975000001,0.6393341008659236,0.01942770039744957,0.14899456664092312,0.03592217376536077,0.01921245756749072,0.0028839238808315956,-0.013291576017003865,-0.007188382620455892,0.6360158893406144,0.04987090904365288,0.15867083495060397,0.018570940899190935,-3.0792292104463135,0.016039116481049463,-0.01853483955914287,-0.0011573972516276288,0.005151461891001601,0.0021527988407011277,0.1656075201224017,0.02539025598118594
447,present,Swamp,229,0.26625790912171476,0.08803344097525087,0.6846593653665044,0.04831335492273457,0.06819374163342845,0.05567315629615575,0.008494681296907794,0.008085985671699542,0.23178846,0.10812907000000002,0.06971476455914768,0.13300207826422092,0.5839260043297517,0.09505381566510226,0.11096425430920337,0.07332453264906899,0.021927740225977776,0.0069267270050041,0.008476908,0.122327079,0.7188755210980132,0.05094054296228599,0.7126820416483408,0.0456591232035984,0.03854217032137212,0.033308257597941794,0.006172509337369653,0.007740538639862517,0.7053802202082483,0.07764889557205024,0.11531547418222642,0.030353494323604315,-2.6461397149706505,0.018367158409356762,-0.026703591636041954,-0.014430967098174314,-0.005740499609710761,-0.002756555385857548,0.1248836116149753,0.03956495335860749
450,baseline,Swamp,78,0.20340107974651706,0.08068327466146795,0.704360214585297,0.040158801200091444,0.06148275293233739,0.052246166385286424,-0.01916694952837478,0.016545703149247568,0.15943008,0.0769255975,-0.05419586948713563,0.09823215978198592,0.7652805517824464,0.0386829638384084,0.07084385844022324,0.06804928314637283,-0.019812523227340843,0.02435381655533718,-0.11163395,0.09394251475000001,0.6698462003503262,0.03103670562438914,0.48315679688933144,0.033124012084918726,0.027484019671222333,0.014418937503396435,-0.017862912265628667,0.007000997077103691,0.6655430074567419,0.03228343550787449,0.1469177957744887,0.016887418251437206,-2.669102236959759,0.01289560651230219,-0.0150371930054007,-0.007685552791914365,0.006730083574831,0.001745886827730253,0.15293470727353514,0.020738907497564574
450,present,Swamp,218,0.2991618529497513,0.12758628920907905,0.8727333395193352,0.06588038467109893,0.08200416983830985,0.09774240289287138,-0.010312443177788436,0.039817460208759356,0.23812648,0.12858524500000004,-0.004926592621520825,0.13497147460387132,0.8369781899447863,0.06242234984070893,0.09039173884337022,0.10023289133620479,-0.02758251967118768,0.03410381654545621,-0.07118166000000001,0.12624171275,0.7478098540472086,0.043204794353293184,1.0242583068617386,0.047211968850057545,0.022454943542720224,0.03691110626361126,-0.005820416683436042,0.010454375528666968,0.7427582588046047,0.06018054308478549,0.11383813698421914,0.028037132017766184,-2.3154442275821574,0.017702942370758992,-0.019001127296888548,-0.02061644812350291,-0.0028505614401214026,-0.003759017775895652,0.1215688494064267,0.040291826820475315
468,baseline,Temporary ponds,83,0.195134069831473,0.009191210062334011,-1.4937387288994128,0.029812963411790416,0.0007075518582108893,-0.009163935441604348,-0.008797361914097296,-0.005909806479247444,0.193393,0.04552982999999999,0.01996517494000177,0.03752579253946162,-0.0749960112990557,0.05918976049376378,0.03742031192626791,-0.002811647391748368,0.0037001860286496957,-0.010986291295375386,0.0018072102,0.047029087,0.6740265764408161,0.00826522565608436,-2.4208366668548034,0.041509354854488055,-0.006209722125807773,-0.005454659133827569,-0.016014086436835127,0.0038359135319382563,0.6867508159935306,0.043517311712878204,0.13035451009785604,0.020324610296835813,3.029058197078107,0.018139482122991154,-0.020196050584122632,0.0022823944711210984,0.003954121321908139,0.0031241060209470832,0.1366694294182133,0.03256432932446629
468,present,Temporary ponds,233,0.35357513139252095,0.02566799256247553,-1.347403259804907,0.06139549555889606,0.005686477983792633,-0.02503017799231841,-0.012664538083578767,0.00010198377340469654,0.35345864,0.07773194,0.1404417997455227,0.0496254992075778,-0.4410129034844289,0.054459855802493774,0.044877319711921514,-0.02118292583840309,-0.002201266443073366,0.0029441002572138547,0.13040434,0.09301401000000001,0.7462155811891718,0.005665389618800625,-0.18332676425969044,0.055455089724861927,0.0055704527611567,-0.001032809550950991,-0.010938480850905765,0.007019775942992008,0.7531991187175482,0.05071375130996514,0.08896973716196896,0.015810537156113188,-2.98400774468168,0.023371565979028442,-0.01561463150806773,-0.0024812029405298884,0.0006317758968360015,-0.006171485891942483,0.0912044386255405,0.032031630674211206
469,baseline,Temporary ponds,85,0.1803454575505046,0.017486262647192163,2.4757408696626446,0.029918722687839263,-0.01375103779754833,0.010801774893830414,-0.01292362621618976,-0.005567568297696314,0.17930864,0.032589250000000014,-0.0034665118584772444,0.045859535521077646,0.6986139750155881,0.05455373419020067,0.03511622181397766,0.029494880296765093,-0.008514790854411335,-0.0002795800821893278,-0.026820686,0.0517018216,0.6606994685036394,0.013659667195089448,3.053389185861742,0.03934476976713347,-0.01360656654209628,0.0012032683890591098,-0.017360501788859305,0.0020662390386937306,0.6726850445955083,0.055062204004802884,0.13239029550796896,0.017265758839857585,-3.041295910003458,0.017790390868324516,-0.017178989709136547,-0.001728797527040406,0.00581775542151726,0.00376235021338504,0.1395671816500928,0.027587035955292605
469,present,Temporary ponds,230,0.30669702904557183,0.013699622037115857,-1.2109542415426013,0.03916025948719305,0.004823999095800539,-0.012822194690595912,-0.010922606791487098,0.00065343007297427,0.307489575,0.05106824249999997,0.09210195863976377,0.032224076808945186,-0.27077402866123906,0.037002392212190115,0.031049965176797128,-0.008619210445770818,-0.00533373670341424,-0.0040264450130448395,0.08472415,0.055411178500000005,0.7215386028221528,0.002205988060372404,-0.17763307179375246,0.04909013308059534,0.002171276146936317,-0.0003897989433682218,-0.00822459403341743,0.002646159206715893,0.7296199224281579,0.03771495118985224,0.10334749853318523,0.01662029808563444,-2.8955934923418143,0.0180280407220665,-0.01611993550013814,-0.004047466853073648,-0.00022281629506369107,-0.0053348198555959155,0.10747454208978925,0.02527907032363437
470,baseline,Temporary ponds,86,0.2381853393680102,0.018007004718893996,0.21140445880928616,0.02922857155819325,0.017606117958143527,0.003778469186086702,-0.013035424231026225,-0.0051367681327421045,0.233707905,0.03669974749999996,-0.012963713904904315,0.03548688642114677,0.8690934998365382,0.030272800784566057,0.022907464634903455,0.027102899694830047,-0.016289258577246484,-0.004740809041192837,-0.0297693545,0.047177656425,0.693251503942716,0.00679489421638777,-2.508421071251792,0.041913767766070684,-0.0054777374468494,-0.004020569595876158,-0.017734513429677815,0.0018054184863824903,0.6990650979080801,0.053160460796379816,0.11999674333980505,0.01773321109804655,3.024763475686964,0.015844938122404333,-0.017612327884240123,0.0020670467691610442,0.00651913700089772,0.004931503466442346,0.1234884258413193,0.026440105468202982
470,present,Temporary ponds,230,0.31495850172695394,0.034938545358901237,0.8555995854843116,0.040783139789932546,0.02291150880961161,0.026377352328523965,-0.014620885712054532,-0.0022718107545610113,0.309360565,0.0656836825,0.05885926856093661,0.05068544561789105,0.5678972606387807,0.03316534388703899,0.04272954476863151,0.027261702099276697,-0.011205680658468798,-0.012042201714986753,0.045458423,0.0751810345,0.7325282980968614,0.006624396128954837,1.873431488157533,0.04215669727726478,-0.001974312787458391,0.006323346668544285,-0.009803066318333274,-0.0008818230731525693,0.7387607821974931,0.03425148200310357,0.10109515971998619,0.01880300938914443,-2.659669605050541,0.01694280882295761,-0.016661445513269254,-0.008714895036465638,-3.3976825180711814e-05,-0.0007866009393698541,0.1054656987961541,0.02700217189512852
474,baseline,Terrestrial saline flats,79,0.11649293814938062,0.0017955826487042793,2.6983920893207127,0.022961060573531242,-0.001622100249388384,0.0007700050839195917,0.0014003445583673983,-0.002359294423794345,0.11613439,0.023918471999999996,0.007385570856600941,0.1588015777499619,0.45464206890476533,0.13590729106106553,0.14267023841591966,0.0697362471475332,-0.0223349400925247,-0.009733061565173637,-0.08410411,0.09416161099999998,0.6474858757168297,0.028319639176418814,-2.8637205571425306,0.04496491740870931,-0.02723333520569215,-0.007768359972153946,-0.007236008644221937,0.0005465839178444152,0.6522497220871516,0.04741090957613425,0.13678087599699892,0.029091053345560246,3.0814536055299313,0.027715537031324716,-0.029038462318424545,0.001748453870043401,-0.00041998657242303065,0.0032716136774790074,0.1485799666215132,0.05549823209507501
474,present,Terrestrial saline flats,219,0.17315225175202964,0.03043078030678628,-2.6579351705904672,0.0824515108814351,-0.02694037115432857,-0.014150929020630167,-0.023640712120455324,-0.031554136690080066,0.18052456,0.054878434999999975,0.07902547429431192,0.1635793302601582,0.439027445613409,0.13672728869417614,0.14806636373971188,0.06953092274133317,-0.022654567267976745,0.058940708374980035,-0.026674068,0.31783996000000003,0.68328389889977,0.011713925655917707,-2.062834666077449,0.06572324972715632,-0.005533932620476976,-0.010324322932976667,-0.0011158214437849588,-0.008589133810136608,0.6924230495632225,0.03835186415542635,0.10307912210059308,0.03807825644800014,-2.934656147174741,0.028207078097332347,-0.03726585455772639,-0.007823662710140811,0.0028656371736209816,-0.009556764558250172,0.1110915905908273,0.07056111288223552
476,baseline,Terrestrial saline flats,82,0.10316829720075993,0.013935832321024442,3.0335821625006716,0.029809097872513766,-0.0138546217544213,0.0015022910908427556,0.000942804434681477,0.0041639377941841615,0.11199859749999999,0.02015921999999999,0.011998293949463985,0.1645643504420533,0.4229948012583394,0.14040401427241334,0.150060255170225,0.06755253699648806,-0.029825687569309964,-0.01976231234997989,-0.08652791,0.10181630824999999,0.6478271026053096,0.0273729059262541,-2.9790604770679625,0.04657501958594924,-0.027012150104404106,-0.004429415941712639,-0.0026522145021903197,0.0074726549109487275,0.6571405551019571,0.059385196676974394,0.13901796779643222,0.027709788145078764,3.120900462720507,0.02675451931731319,-0.02770385615159382,0.000573335309347685,0.002976067439437299,0.003929166558923134,0.1490356382989796,0.052721560163764045
476,present,Terrestrial saline flats,225,0.1302224244852738,0.05971079235051869,-2.6004277323003366,0.08860552848102284,-0.051178667764971986,-0.03075910741438019,-0.023966702716528353,-0.03871254834763236,0.1563434,0.052958175999999996,0.08371932478767509,0.17194323281352747,0.41147922103689205,0.1524377854669981,0.15759116355689384,0.06877136380173975,-0.01937409888469321,0.0741462063492455,-0.027062936,0.36587101,0.6601481854415066,0.022967773711540653,-2.263323212782762,0.06623110866034872,-0.01466455600067325,-0.017676804761258637,0.004109697160803996,-0.012390773589545892,0.6768668697865537,0.04123676110879726,0.11388868787377475,0.04134638548757058,-2.9573778638869004,0.03033903833249992,-0.04064682053496744,-0.007573610320378026,0.0008343593055961168,-0.013567780538373807,0.1245657970712667,0.074293150948029
478,baseline,Terrestrial saline flats,76,0.11925536084336077,0.005201890790993403,-2.5152704201627394,0.016677242849349398,-0.004214513531043229,-0.003049187350438722,-0.006885125208048027,-0.0018710963745901031,0.11927584499999999,0.01661747375,-0.035674814032485826,0.05459764539310392,0.4306458884013334,0.04694074636341873,0.04961267879857551,0.022792213251470274,-0.011499968171497827,-0.01602325750719166,-0.0483485325,0.08075965425,0.6529959096706545,0.021450174282548428,3.016433831392742,0.04586222819623845,-0.021282387879015527,0.0026776749091021153,-0.007899294209907976,0.012353771273305171,0.6588459978271699,0.052276017994992374,0.14995961886902603,0.01036581772410959,2.8204806105251365,0.024051770328477887,-0.009835969154947756,0.0032716796714196855,0.007229411049854602,0.003653670285604396,0.15338900497908042,0.028046687922342023
478,present,Terrestrial saline flats,223,0.2007490068249376,0.011005956178785671,-1.3341806507889193,0.0455239015724151,0.002579949650477342,-0.010699295827780085,-0.02046284167809183,-0.007117051132888733,0.19604151,0.06144307499999996,0.05401994494433571,0.09106613561755403,0.18636176815059052,0.07632293241461345,0.08948931152731097,0.016873179270150283,-0.004537655516330705,0.013449885841146621,0.007711073,0.131501921,0.7116408235266266,0.011312991663091874,-0.5326520293506984,0.046082648837631766,0.009745727681408916,-0.005744960602911584,-0.007640666167669774,0.007680388743053922,0.7144039137162085,0.04049293729342751,0.12200837148768509,0.025331792337055417,-3.073627004769638,0.02070229263184505,-0.02527330690908159,-0.0017203664978917635,0.0017826617802769468,-0.005992147213720376,0.1310888372202225,0.0468686165888213
487,baseline,Temporary ponds,78,0.15345029990948336,0.01689708281416738,0.03972896995973377,0.025749247108161975,0.01688374946589879,0.0006711271128429949,-0.011923154755108287,-0.01591532069184843,0.148370815,0.0341406625,-0.0689831585700155,0.035160369259644726,0.5181423421142828,0.025980508172146127,0.03054524433303143,0.017413776589527644,-0.006410204559325906,-0.01226938599940579,-0.0761204575,0.047749373000000005,0.6286000421220677,0.010769791612956419,2.8961124041843376,0.046668355866354434,-0.010446921074641525,0.0026172985016457706,-0.028578866493461887,0.001504471891601109,0.635261126243936,0.0540556937809753,0.12106748902541703,0.007647211172791197,2.892835997653793,0.015110245100207313,-0.007411824514185505,0.0018827363310302706,0.008785723914039962,0.0010092375625771542,0.12244731031631234,0.017099369911722895
487,present,Temporary ponds,228,0.18037583113648334,0.02068175727159986,0.966627505370666,0.03485275576377642,0.011748856141669482,0.017020560014398143,-0.002798395187373064,0.005856845958470384,0.17703497,0.036316495000000004,-0.03940085921674138,0.06551358623584469,0.32180027481934437,0.04088322081666957,0.062150614911827176,0.020720305199567517,0.0076795757173000745,0.003902522537965292,-0.06790166750000001,0.05605503125,0.6799981748968542,0.018178061387036433,1.29976331787281,0.061593598530244154,0.004866755625625338,0.01751446846099844,0.0012401325388137908,0.0112846884983314,0.6898882014988748,0.043709586329188865,0.10483375624096603,0.01879666756068202,-2.6919353532636445,0.021893412275305103,-0.016928205724097756,-0.008170101734337201,-0.002771302960078325,-0.007439089211493836,0.1113234480399943,0.03343963026171501
496,baseline,Terrestrial saline flats,87,0.020986306385692922,0.09518495965641217,0.7140251572356184,0.07940020382279611,0.07193432052270239,0.06233482233655544,0.0020756298181794338,-0.0403934037531526,0.03897103,0.181586413,0.26414243018671946,0.1934920228315705,-1.8508339900473332,0.1829499763172853,-0.0534796171525654,-0.1859545467276023,-0.0386065762506413,-0.005786401729258234,0.3246038,0.4132596025,0.5000618736633345,0.1003018410266223,0.8275869633001409,0.11406270469430575,0.06786968697451068,0.07385231819863036,-0.006215645571114906,-0.06470237653435286,0.5441422858362571,0.20280342209301538,0.14712354197235697,0.013446484261924976,1.8804691205520931,0.025581458455792166,-0.004097775882295814,0.012806879862974855,0.004379086919762933,-0.007528334160593254,0.1453622880512686,0.026628927512811984
496,present,Terrestrial saline flats,192,-0.010613458996273903,0.10041111671329948,1.123191557437784,0.11508963795008943,0.04345868539652292,0.09051925222414232,-0.03369607998195526,-0.051138502281132515,-0.006305669,0.24934347399999998,0.4133145226604797,0.14056972157296235,-1.1555682762100425,0.2044801319288449,0.056705630671782234,-0.12862471797137434,0.003678075542068744,0.03245342010756692,0.432201355,0.3086694275,0.48348538255914947,0.16140057283562592,0.9607932157928941,0.1203755631777797,0.09246154777827827,0.13229137195642562,-0.02450183103156006,-0.08051165011076149,0.506053871469758,0.26150768210869146,0.1335213325161059,0.018572524621554176,3.0578768934439102,0.025125455062369205,-0.018507481445083337,0.0015529975460804961,-0.0010020659488063448,-0.005803308306899861,0.1354275133966873,0.030050682861766417
498,baseline,Terrestrial saline flats,78,0.09911496213325631,0.0084438658515412,0.868603330937275,0.02035688278844704,0.005453837498814648,0.0064462800943914,-0.007179089875224212,-0.0014876114849569782,0.09428275750000001,0.023515578750000002,-0.06412436845928185,0.041253195418046396,0.6662647623150835,0.04064045933847673,0.032430610598351096,0.025496698382685586,-0.003722093293355777,0.0020934638757885322,-0.07644763,0.0656180305,0.626178699327899,0.025857148504501142,-2.5648834184923848,0.05467879806846251,-0.021675053009511187,-0.014099085283049595,-0.0069575977424919085,-0.010381686427862745,0.6420854452397118,0.056431889934422386,0.18128672849673694,0.008718560455876509,-1.1657935649557034,0.028286614753204434,0.0034352985143364695,-0.008013240327119314,0.009424079025822912,0.0004433196107517407,0.18132190119282604,0.038272193643459934
498,present,Terrestrial saline flats,231,0.13966527775931178,0.013554911843521802,0.6934473542757877,0.02467944268807164,0.010424365201182702,0.008664193282586599,-0.0038233940933041295,0.0063278094392309045,0.13625649,0.026016024999999998,-0.04433997347540697,0.05194107000497354,0.49613475019169306,0.037599952727199064,0.04567848850699562,0.024725501834701572,9.197819146170674e-05,-0.0046377238234412916,-0.062324844,0.0685433585,0.6668919438587275,0.002336227991016012,-3.007648011079077,0.05185826624465871,-0.0023153019769592454,-0.0003119903548113649,-0.0029855125253432377,0.0075037514048083166,0.6771043839636234,0.034406632226981926,0.15241074499474855,0.024049495566322864,-2.8430572378944,0.02652464616542803,-0.02298574497923867,-0.007073454936874006,-0.0010406649322873504,0.0035668663077578935,0.1657092572474452,0.04671564854517832
501,baseline,Swamp,92,0.16900941632117195,0.025977432335168114,0.7665074645418775,0.04557945564595357,0.01871252030677942,0.018018561943079856,-0.0071513753992206415,-0.006750979472223837,0.157874205,0.060761932500000004,0.02573171975126432,0.06516080240370525,0.44708589184813646,0.05901296337480943,0.05875620016720772,0.028171601158005564,-0.008438106609432894,-0.01379711768842146,0.0112543285,0.10987446749999999,0.6449110308627913,0.02048324697549175,2.7293976291270954,0.06430592430292657,-0.018767645113792173,0.008206028487748792,-0.014834779269426019,0.005514960375024912,0.6546189852342827,0.07177639146042236,0.14811785122314175,0.008518231864009402,-2.386670398523852,0.02941794941049009,-0.0062040396780337365,-0.005836965458387443,0.00690487940114007,-0.0019726106660924356,0.1486022621033248,0.03755531930262121
501,present,Swamp,238,0.24436758892452826,0.055177042221990255,0.9803899277377257,0.04419894444542555,0.030716986045321734,0.04583636936602642,-0.0034671079947800366,0.010832032994016768,0.22511975499999998,0.07406271749999999,0.0021572048563827492,0.08897675520660472,0.8141781505996329,0.040197633082458335,0.06107953882595283,0.0647004861179959,0.003620387299250107,0.004896822698785737,-0.0183835925,0.1032570745,0.7148899992059246,0.026002674978726232,1.169203323761019,0.04952617172746928,0.01016405822338415,0.023933888661914766,-0.0037487498048407557,0.004960259211083045,0.7105002366330646,0.052543921386265624,0.11488741679563655,0.020201884896692054,-2.128874657407662,0.0624800614364679,-0.010698051053713083,-0.017136739976767547,0.0008765296219525118,-0.008782375567572758,0.11716605379020345,0.03553807337301647
502,baseline,Swamp,93,0.24192175228196175,0.05096594456835271,0.38613135758152045,0.0645994923059207,0.04721347231484815,0.019194153738038806,-0.011680855792939551,-0.01577830229595241,0.21276827,0.08735984,0.09335879959969262,0.09773836509180904,0.326887229059983,0.08115515984824764,0.0925627697695133,0.03138346162257805,-0.001631296188959438,-0.025538630777951977,0.058895517,0.15674949200000002,0.6866858523713419,0.010437201719465468,1.3095425447109177,0.06294259857961446,0.0026958456225471194,0.010083035064513387,-0.014907116313051442,0.0025270439905282775,0.6965219785531033,0.06038428706986576,0.12621117875268625,0.011506419735924527,-2.8296670706258826,0.024117199938669908,-0.010951170420817344,-0.0035312266358149135,0.004468737717464311,-0.0018548617904418352,0.1282183084625593,0.0315328659554973
502,present,Swamp,238,0.316690815033273,0.09047237157679876,0.9310980068548216,0.05857814875473554,0.054007793247204616,0.07258380182449486,-0.005450127241713287,0.021181876985481192,0.287033115,0.117258695,0.032696472012951644,0.11770841664045605,0.806076585462833,0.047282105412530875,0.08149363282351667,0.08493561771853453,-0.005763335889093833,0.010360083177245207,-0.00767289765,0.15361914025,0.750930702406493,0.03450635380458922,1.1320302506119382,0.05857399020989786,0.014659083993678764,0.031237792965473084,-0.008602434621179584,0.0021320486528606367,0.7455120748227146,0.06772908129124422,0.10039674356845212,0.020892751777761766,-1.9731589801855176,0.07192695825096915,-0.008181463730604304,-0.019224222430880625,0.0019806776041271647,-0.011397532863448318,0.1007066550881181,0.035939643674944774
503,baseline,Swamp,94,0.18198808007648848,0.033619644273075365,0.36346241902500126,0.05350959345694387,0.03142332318033887,0.011952206547416548,-0.016334719686602894,-0.013836652693765336,0.16253083499999998,0.05580640749999999,0.03425891546824143,0.07433333431034726,0.3319433225219621,0.06229098338757356,0.0702755398403903,0.02422381245459857,-0.007684983222911211,-0.025814954186922808,0.0095991815,0.13651868075,0.6571584716203354,0.013252142268782357,2.299818370321398,0.05986685203243759,-0.008827789579369926,0.00988379511394362,-0.018652634550850894,0.004599621802939783,0.6671288357277643,0.05883953783533857,0.14739167055817826,0.01449070619563706,-2.4931734982648006,0.029955723398964712,-0.011549665353018415,-0.00875133111483963,0.009330257936737342,-0.00025234536193124285,0.15395423864684935,0.0331210946105098
503,present,Swamp,238,0.22933267521089407,0.06158864383671727,0.8663101947459901,0.04142273636865808,0.039887415642899444,0.04692712566284657,-0.01031265557551159,0.011785529870947008,0.207516515,0.07896040500000001,0.002981256825542697,0.08943069770133326,0.7841731508773425,0.03950577418732233,0.0633144715043702,0.06315953918031343,-0.006576733731985497,0.004511286985820303,-0.023097672,0.1191382835,0.7017632830195888,0.022042615446339772,1.0064835799617613,0.052682622517368154,0.011789167597935248,0.01862504827008538,-0.010795483181508234,0.003871793531065614,0.7017646827305567,0.05280112123419134,0.12892529904450986,0.024224763871656764,-2.228375154710813,0.07182274085319,-0.014806232597764101,-0.019173279868046428,0.005160643127569992,-0.007983439534438077,0.13246259721877507,0.04425302465369457
504,baseline,Temporary ponds,84,0.2730437598400204,0.015635744975304233,-1.5315818421476028,0.04729200110507213,0.0006129905460871775,-0.015623724380670547,-0.028491374727655436,0.010952327514730522,0.27443191,0.07439342000000004,0.026989147499598846,0.011618072721359956,-0.9349816945994922,0.05670828650064605,0.006899196776622864,-0.009347764310050025,-0.008535134105690264,0.004400606951246044,0.0230433375,0.064613285,0.7182182640447079,0.014006046827712743,-2.2506026394397742,0.05712240726421366,-0.00880479497942547,-0.01089242549253224,-0.03215100739229935,-0.0008525469233711506,0.7282211416414274,0.04565837930705352,0.13703924802820594,0.013614962748935257,1.6306075941183564,0.027403835252996136,-0.0008138427354805831,0.013590617007950749,0.008217612974956044,0.009732281827654,0.13184881505673052,0.02327833114306775
504,present,Temporary ponds,229,0.3860007285572599,0.06200710625436339,1.3226719669853757,0.06118682622391289,0.01522808922932406,0.06010812361456358,-0.022796035105438324,0.024701029334271842,0.36853206,0.06640309999999999,0.12781792535258302,0.08593207236783253,0.9442071224823956,0.05963747236435861,0.050389305722117514,0.06960775050433235,-0.011764710359044039,0.025597944978190644,0.08646052,0.09299096000000001,0.7637436881850008,0.01963517092695239,2.0517264042835235,0.05024428093106901,-0.00908330762390321,0.017407856270666364,-0.014702365229207159,0.009333687989445973,0.7728165263052091,0.03642673906771465,0.10370837341480804,0.020736383133095594,-2.4176038090543734,0.02165768593615584,-0.015535067281468338,-0.013735329264447338,0.0015824359551835645,-0.005291038033113571,0.1091244706172726,0.02563822894101439
515,baseline,Temporary ponds,89,0.15413380575134616,0.020932282873223136,0.185363786432886,0.023381643495924594,0.020573697552233445,0.0038579055605152076,0.0005584862597503089,-0.0099442243162369,0.14420113,0.03269814999999998,-0.05481672835482341,0.04859050645001382,0.7304360722990911,0.02689899926506293,0.03619426787802865,0.03241931970048628,-0.00548172602325215,-0.015167121656234519,-0.06565166,0.07032375,0.6570817758417792,0.002663559533372372,-2.399917011022867,0.04062368769971037,-0.001963942745626352,-0.0017992993857945028,-0.011557186292196759,8.998207959559721e-05,0.6657008019702653,0.05460116059228759,0.12336937185285202,0.018065808146366654,-2.89018583975947,0.014314265580972678,-0.01749788077362595,-0.004494173162362472,-6.735419177415936e-05,0.006413102306518781,0.1291813769472984,0.027545376157403587
515,present,Temporary ponds,234,0.21337885252783692,0.03137059315832879,0.7545224130294678,0.028062740321001173,0.022856574806757107,0.021486998469039394,-9.795402337382405e-06,0.0018934710022473506,0.2015471,0.05677718500000001,-0.039653106993041864,0.0724228152663682,0.6983531076139616,0.04392032952517637,0.05546878679187341,0.046564770620547306,0.008499955365206669,0.005975756180719223,-0.067974515,0.0755647605,0.7004456855158824,0.020356804148547736,1.0366016847510646,0.04141559760626724,0.010364627135991808,0.017520672917276683,-0.004059733353095847,0.005597772180432034,0.702834484155695,0.03955978210722877,0.09628479083265025,0.024818747317010777,-2.5035358211352228,0.013936266771363856,-0.019935775272596535,-0.014782932140348823,-0.001436484442655086,-0.004035243956992272,0.10486866638767775,0.03453607255129004
520,baseline,Temporary floodplain,131,0.36792579099735434,0.10484910922362169,-2.3217895551669687,0.09786182961236302,-0.07154537896358201,-0.07664590304735398,-0.039961430492739834,-0.015378086262629756,0.3720833,0.170571105,0.047964076461929135,0.07436433172681359,-2.59421292044024,0.12394792333269163,-0.06349904651318562,-0.03870303508889017,-0.01145493727203668,0.003373555509108675,0.022602312,0.2159585285,0.7053218688761644,0.03999764745474656,-2.610595182882903,0.06584248469974856,-0.03449006686162132,-0.02025455725991275,-0.0357410662019261,-0.026042282205078787,0.7269494329729522,0.08095369610853265,0.07161787919734752,0.008988445706194729,1.6575374141408883,0.022360054097874026,-0.0007786902166309903,0.008954652296975781,0.0062585710787537345,0.0036629775563471407,0.0679847317417668,0.024588554531812697
520,present,Temporary floodplain,335,0.3627036325811823,0.016840096112916935,0.06041267378507849,0.05602983178178871,0.01680937488329882,0.0010167365071653623,-0.00028373213819061317,-0.010006623776725704,0.36099824,0.06074483500000005,0.1398507700648909,0.06228925047166161,0.18567399320628772,0.0597707714676108,0.06121862586605012,0.011499155246972505,0.010806552670939589,-0.021875550907705783,0.12424131,0.0959725075,0.6979941295508846,0.008198811054194342,-1.989882638949591,0.06553120133316999,-0.003336309425612914,-0.007489295168368367,-0.010871710183699127,-0.0011563435821889193,0.7086628049255278,0.05840633746912283,0.0746372047182572,0.006403339038499557,-2.1317331851694323,0.0523050251252144,-0.003406446526304071,-0.005422072749918001,0.005836985587004122,-0.002120493765321851,0.0730717941051812,0.021649299273631045
525,baseline,Temporary floodplain,127,0.209853477306265,0.08417511635155514,-2.3314938448992217,0.07481649999546368,-0.058032586469411465,-0.06097269159605902,-0.02832092805724347,-0.024001459101937645,0.23813239,0.10998446500000003,0.17639747997131786,0.06917616932130667,-0.23671907670716266,0.1639034919009943,0.06724702786307622,-0.01622281250439454,-0.0034162670201206766,-0.04652821219354382,0.20982756,0.22210881799999999,0.5770331402081534,0.05200985870212939,-2.2993026681347324,0.1133843858788898,-0.03462586796529969,-0.03880817787355001,-0.04039364605059226,-0.015334662045019189,0.6138265136168216,0.1561926098927231,0.06553181050749708,0.014401551056982443,-2.8450177803951515,0.02291395686198223,-0.013772823659636023,-0.00420880045707115,0.0006078606986380791,0.00724178009300007,0.0623125759778874,0.035828356541264414
525,present,Temporary floodplain,320,0.05663641627170588,0.06133438148543639,2.7834292956838835,0.07476482826804819,-0.057442239423518116,0.02150105769984965,0.03512262355631885,-0.015518571416961634,0.0886654775,0.12296054449999999,0.17576830907530577,0.011204174128410795,-1.9835827311536203,0.1126435483196195,-0.004494702870231933,-0.010263097193736335,0.017600385082429493,-0.014468136258599681,0.17799922499999998,0.16980351500000002,0.4929837949187393,0.10165413172156781,-2.950169819860757,0.10177600925733513,-0.0997973708612813,-0.019340301580940803,0.01355480353052098,-0.018407374985254122,0.5398955817052788,0.1559257803941992,0.08199691505331481,0.018592383221533556,-3.0018759332463127,0.04881791123457157,-0.01841120948677883,-0.0025892236462514567,0.006218646742403519,-0.010742076825408613,0.07959453298008284,0.03383612549756129
527,baseline,Temporary ponds,126,0.3775674702162554,0.06188028682460513,-2.2803733976536957,0.10638746665432314,-0.040315810035084,-0.046944705332022475,-0.03797931297595184,-0.010742558418293406,0.378692955,0.16706426249999995,0.04574205120087042,0.010888951256736296,2.955452521846639,0.12299110461557351,-0.01070085429898188,0.002015186528225112,0.0030552952664939224,0.010343938118304485,0.057511596,0.19820246125000002,0.7151283383226616,0.02214937400073183,-2.8194729384244344,0.06744961011013897,-0.02101015405179402,-0.0070120036611640854,-0.02825867798260267,-0.016090110136978954,0.7344703032508932,0.09486884496685366,0.06875684115817826,0.00956961008396294,2.472574682448945,0.016660157510071247,-0.007506699898632369,0.005935224830700011,0.002923130534710552,-2.7609921110641787e-05,0.0670895660231512,0.025697356404365296
527,present,Temporary ponds,337,0.28825154382701407,0.019094002160441298,-1.2908894953801116,0.05337867255927877,0.005275025647529316,-0.01835088616173194,0.00015189890557644426,0.00696460769478181,0.2924618,0.05497535999999997,0.05434515965194216,0.10525927734996746,0.19590852328833191,0.07309426222684122,0.10324579613570425,0.020489535098239017,0.04131980243792067,0.02186727367951233,0.014521216,0.091651738,0.6620278882706097,0.034067446422532385,-2.4182651705328118,0.06323029310266229,-0.025537212656668095,-0.02254865130069258,-0.014139084524148934,-0.006669722773387057,0.6739425792755867,0.06659466092836808,0.08655935584225542,0.02083253554194302,-2.818235258312483,0.044312916058846165,-0.019752867426798895,-0.006619574421790755,-0.00342360903531297,-0.009818785759293246,0.0899738223040457,0.0321512761951703
532,baseline,Terrestrial saline flats,131,0.3347042243092825,0.05038090134594263,-1.0649261281158269,0.038694597867294914,0.024413014556529194,-0.04407085137244682,-0.012240009054631656,-0.012615806475092107,0.33442667,0.073327855,0.12992775099697756,0.0812399476244048,-0.6980302259485353,0.05925929612837989,0.06223870913637611,-0.05221371634976395,-0.014874864665567202,-0.011700166628245223,0.10122053,0.107932745,0.7202029510230085,0.02505888700741548,-0.28033290170186065,0.049178980872254786,0.02408067290284921,-0.006933181852252272,-0.00753126781360711,-0.007060986661836125,0.7199310569715379,0.07370025096237276,0.07864211193163871,0.011098533609800527,2.746457374819385,0.011693509348032772,-0.010243330548114927,0.004272192361063281,0.0028552037700059346,-0.0012374070298226936,0.0798700759045588,0.02083587755147516
532,present,Terrestrial saline flats,331,0.2907058397568433,0.023845999063679135,-0.23488679172247573,0.05333758550770407,0.02319120449887793,-0.005549748213767025,0.0007540843098749345,-0.0025345811678836234,0.28497297,0.05775607500000002,0.05136945916028742,0.07579999301291934,0.1831766759819316,0.07382990721287441,0.07453185993985276,0.013807273252340317,0.013119268336532782,-0.009614261311301572,0.021571571,0.0978716095,0.675364127043608,0.010511529007208028,-2.1715689609653563,0.06072617803880735,-0.005941956983638051,-0.008670950886377501,-0.005824238254437017,0.0003595031176894989,0.6815016581015365,0.058824061879417355,0.09050560151267774,0.006739612290649339,-2.56140508375315,0.06145248519533359,-0.005636741073521508,-0.003694526207559939,0.006224682663792822,-0.008779955516009382,0.085306635146394,0.025732975478726106
534,baseline,Temporary ponds,116,0.19108564135434664,0.06443300320833698,-1.6211727439498953,0.08862593139874209,-0.003244531122214636,-0.06435126199417184,-0.00610799160020106,-0.005988240313043416,0.20702499000000002,0.133055405,0.19059971531262057,0.02147407412841026,-1.8033279826907829,0.07530038580220869,-0.004948523835636674,-0.020896123361058973,-0.0033378594203273275,0.01567567606280931,0.186667785,0.10539254,0.5338894167840071,0.036399034485857455,-1.220315042752484,0.0890286327607744,0.012497603861530631,-0.03418624883228481,-0.007999641779037095,-0.004952411148899059,0.5490252615181923,0.1167050856226946,0.07234149228464021,0.012000524954126492,1.9017777343301674,0.017210830996118323,-0.003899826498370596,0.011349182898218672,0.0025611584503201466,0.0022484905671072033,0.0691514383539785,0.022612261146085624
534,present,Temporary ponds,323,0.3381078023682741,0.04733276562816588,-2.0001329989390597,0.0957984127587432,-0.019703104723043263,-0.04303694187885184,-0.0009888231043820893,0.031497231776394095,0.3441097,0.14294036500000007,0.15540921490703702,0.05538147206747738,-2.290336319670535,0.09386429035959129,-0.036498537023189295,-0.04165290198206672,-0.01588195833089864,-0.0002155877765377237,0.16044363,0.13830380999999997,0.64621969599818,0.014590880703940646,-2.07805265176918,0.07905551821554328,-0.007087970943333218,-0.012753606063505783,0.0033330827982607164,0.034825874445712245,0.6624363624692017,0.0958180743538456,0.07555504145147295,0.009962007214353441,-0.13126602443741114,0.065010830048727,0.00987630385827859,-0.0013039209476733878,0.006413501031576659,-0.009910158589378656,0.0667490905368754,0.021819205497587493
538,baseline,Temporary floodplain,124,0.3032048967035299,0.0948061181341966,-1.6319056814993704,0.07009717650245424,-0.0057899355198596306,-0.09462915344834862,-0.0025787299646869706,-0.007747581183903909,0.31665424,0.13602015,0.16942480819017097,0.07444446475440793,-1.6253651053517344,0.060578795474162714,-0.004060327703807008,-0.07433365369405692,-0.015947681748072415,0.023098728803159822,0.18256016,0.13847367000000005,0.6494978054895044,0.022331002305087777,-1.2496774708726386,0.06311259833313285,0.0070482990007076874,-0.021189505542755324,-0.001256698657812155,-0.02211635365803436,0.65638568054457,0.07946679947755342,0.07181649700355973,0.01415761589009848,2.0682689695930145,0.01586535515668404,-0.006756099888157,0.012441591618149743,0.0009086688557666779,-0.004511058214522957,0.0673964649577578,0.024517977502893237
538,present,Temporary floodplain,331,0.48457228683771697,0.16060069306331953,-2.1681913187810666,0.08599925119666105,-0.09033637282779855,-0.13278524901786173,-0.03549804124001034,-0.030447638052916857,0.51021814,0.21901100000000007,0.17958917636584995,0.11538195184453669,-1.9285442104907307,0.05740321390018826,-0.040402789610974994,-0.10807686802968651,-0.02111235531905103,-0.02180575575166394,0.1827427,0.17329070250000003,0.7547111395865338,0.03243364992235385,-1.8685536153249027,0.07011707755090149,-0.009515284356161998,-0.03100646724325721,-0.009817913671204163,-0.01442754600092443,0.7703740284628449,0.06922996772337586,0.07157074657734137,0.018570103492094724,-0.30596821222781767,0.07268705111635909,0.01770762911162269,-0.005593622703786989,0.005819458309964588,-0.01110448511825886,0.0604611334350423,0.015260941685362156
541,baseline,Temporary floodplain,129,0.2671433046023784,0.052394307077207915,-1.9173850377980766,0.06326209630007755,-0.01779789273260078,-0.0492787827404411,0.0020534225536378912,-0.007382045300177881,0.27718055,0.10291364000000003,0.03822573612101805,0.03804750944611363,-1.0220043999874082,0.05068502280043428,0.01984774719037408,-0.03246043601862279,0.011690618972493114,-0.005828236855292901,0.0336046,0.0829737557,0.6501018604365794,0.024653001937155698,-2.301681736500624,0.06800706773351958,-0.016456597629459693,-0.018356222350349328,-0.010544565722104568,-0.013246225625077617,0.661084257240603,0.07174166537527038,0.09164136682000443,0.006831592261709456,2.304891459194149,0.013362372224126617,-0.004576590383229844,0.005072028518687236,0.0013090335038773804,-0.0007729023603333661,0.0919486288641652,0.017222008618064902
544,baseline,Temporary floodplain,121,0.0817288871361879,0.012582431598107933,-2.2396429651746907,0.024378213263278103,-0.007802133617402713,-0.009871387741207382,0.0026780273061449713,0.002469148655940166,0.08204797,0.03953662499999999,-0.11757135440909679,0.015524015030112004,-2.763212621984532,0.04186592958772787,-0.014425912901235759,-0.005734812954325806,-0.008272549873197131,-0.0012048658850874175,-0.11891628,0.042716535000000014,0.5678264377469209,0.009477894836185248,-0.3062278723331147,0.03819099832823022,0.00903695958679097,-0.002857245518413456,0.00046950681788478406,-0.005631698594906737,0.5704967099641676,0.044852254948234194,0.13053105449825775,0.008788263053482842,2.525969451247644,0.016024784467029977,-0.007174858588182673,0.005074935638684781,0.0053609877510353175,0.0020249553365753042,0.1348039758779391,0.025738781363525295
550,baseline,Temporary ponds,105,0.1735796487185806,0.05438957314583711,-1.6456918030481253,0.034038346571342554,-0.004069725751859106,-0.054237099842183854,-0.00934874121191961,-0.004849584683579255,0.18320724,0.08400786000000002,0.18866485083147014,0.11335639522043582,-0.8162056249421076,0.08310693737579447,0.07764805736234098,-0.08258602499954971,0.009711829160152228,0.02885216460400193,0.18040341,0.14247788,0.6223450252686177,0.029754666493417146,-1.5089334765200735,0.05569584872208895,0.001839534633917216,-0.02969774891241927,-0.00750423408639487,-0.026166833464375,0.6359218706921533,0.07219863378046754,0.09286695860620946,0.016251542145849566,2.6190398318251162,0.014180243891146903,-0.01408273983008452,0.008111045616717721,8.862246174648535e-05,-0.006814528433228997,0.0949201869993943,0.02918756755402621
550,present,Temporary ponds,247,0.2830858952437988,0.08711953703019572,-1.3130786235503962,0.08127090113734613,0.022204530628768822,-0.08424234417388746,-0.013546760709368453,0.008293270750443903,0.26302698,0.14467994500000003,0.13869858049074194,0.03980528165002178,-0.3693903151535273,0.0763520092955383,0.037120321611978174,-0.014371575093248011,0.011999086057888735,-0.023647992397990956,0.13679545,0.100956925,0.7147599146652551,0.024851312739271852,-0.9194438695459394,0.08627310824221616,0.015066419517099274,-0.01976336883731783,-0.02010587962912976,0.005898477705652073,0.7234580816552239,0.08478118560160564,0.05528526380953337,0.013925125902451685,2.3378675987841353,0.014431278798657427,-0.009664450827439212,0.010025343964330618,0.0060643389272598625,-0.008872042758509318,0.0552593720557879,0.02893613881008071
555,baseline,Temporary floodplain,111,0.24987203033615868,0.018769201032281094,-0.23143420581025814,0.04141911147193556,0.018268784609539797,-0.0043051615858668455,-0.003701489779877511,0.005737541881532732,0.2498338,0.04582455499999999,-0.06941048507396816,0.02247017969163272,0.03598560227871946,0.03488285608574505,0.022455632229532514,0.0008084284422533118,-0.0033892041588177075,-0.009676955425438415,-0.0827506,0.0456873275,0.673290037557667,0.0047069347079553275,2.3524549570002526,0.07266629780240533,-0.0033158358992348615,0.0033407284586299203,-0.02091074373047282,0.005289939005665528,0.6920030957787945,0.06987565797549644,0.09465219337373953,0.011899753603429045,3.082888040617806,0.014206103274640886,-0.011879254838045188,0.0006981692596373431,-0.000612641598366538,3.0180151398797574e-05,0.0972839142985622,0.02064118615873055
555,present,Temporary floodplain,263,0.38968505714659346,0.010810247117081,0.01709106553975967,0.05620961729481673,0.010808668294483778,0.00018474964730462158,-0.003371611293413894,-0.006394346819172132,0.3965836,0.058221844999999994,0.008874807324650513,0.023688761525979506,-0.13538953234334444,0.043518159444119194,0.023471981612536108,-0.003197421119510793,0.0007936865886769792,-0.011660051941428,-0.0032165623,0.044399998,0.7554753089756799,0.005298160455422967,2.047224624515572,0.05692509342190021,-0.0024297795914688582,0.0047081498859200665,-0.007627993311114977,-0.004421812676483418,0.7683148719755075,0.04856598044629945,0.06475426092423614,0.009191121289912037,-2.9431553310190046,0.012052656114468483,-0.009010753228964783,-0.0018119152332752913,-0.000517272357531272,-8.949063989392482e-05,0.0649296133805677,0.01475740252163639
557,baseline,Temporary ponds,111,0.28693256362921815,0.028315039507816674,-0.8319523765475003,0.04606069887853333,0.01906830337439974,-0.02093182430537469,-0.0008100810740193538,-0.00885024201997192,0.28417912,0.05427538000000004,0.0035466283322970276,0.02566023864678593,-0.43135011696457415,0.04331470561868192,0.02330981459792946,-0.010728485019804087,-0.0015147283703065948,-0.013346582574688246,-0.006488541,0.068105391,0.6826773206107859,0.0014594041849499949,-0.34957051510412523,0.07207008693509967,0.0013711392675333813,-0.0004998376577225665,-0.026980233989800935,0.002306485124629302,0.6992491222176805,0.0817021585410127,0.08183701211775293,0.011177102572615484,3.0372934165368215,0.011357492595496468,-0.01111636355430834,0.0011636508270150992,0.0002989754236875512,0.002378912748819908,0.0841154932592682,0.02058366485658636
557,present,Temporary ponds,265,0.40298304100701876,0.06265124737817575,-0.6474875921571599,0.056081773265212256,0.04997074514405253,-0.03779025572537878,-0.007553073692984218,-0.00955176280072938,0.39150867,0.10202413999999999,0.07157749557292645,0.0690456317457268,-0.5349956950299992,0.03779247882070495,0.059397942523586614,-0.03520204095121783,-0.011656386346612257,-0.01182350201578067,0.049647648,0.095500315,0.7609886184863435,0.014396801774795638,-0.872975318680327,0.062141336138574726,0.0092506588511407,-0.011031464642674203,-0.006030710343650341,-0.0013856648262746988,0.7677702050400785,0.04812740748745581,0.06449832788827782,0.010989264430439849,2.8840491212027803,0.013595984840941752,-0.01062682279508842,0.002799030189890707,0.0019408446808372518,-0.0003316369322000498,0.0643084175575017,0.0200086316161302
569,baseline,Temporary ponds,120,0.18145109433138623,0.025467388644279308,-0.42257177863559237,0.043358792973015974,0.023227207160920738,-0.010444363640856198,-0.004329708243465352,-0.004182786060896216,0.16691708,0.061619607500000007,-0.026210985060590327,0.0540835222493116,0.06286359237691815,0.06637421900850908,0.05397669296063392,0.003397645644447902,0.001057757015056995,0.0028500784742316863,-0.0459801965,0.08339486225000001,0.6526672130296669,0.00802005770152574,2.949873996991858,0.06671633378102848,-0.007873115819389646,0.0015281926679181674,-0.009923298447196038,0.004958025366026694,0.6637917284068395,0.05403108469075879,0.10646890562280968,0.01767624341984253,-2.9941175936850515,0.01877685278345546,-0.01748437218126372,-0.002597366139876641,0.0013570852531119447,-0.0011424412285223084,0.10831630136533585,0.03397996061193592
569,present,Temporary ponds,282,0.19705300911646217,0.034549039917081005,-0.8856938065738977,0.059750427083976335,0.02186098798753037,-0.026753193517804745,-0.017758616156595974,0.005331555321398299,0.18089801,0.07144274500000003,0.06949529695351186,0.10630318764430821,-0.7186186202273266,0.11628207905987042,0.08001609660510905,-0.06998422670447146,-0.04513598227275756,0.02955814668079648,0.00573812085,0.180085315,0.6777445663941932,0.01783816747395236,-1.1927649381116752,0.04818018050637199,0.0065839172771415995,-0.01657866858696826,-0.01645870766400589,0.0062733578671707035,0.6751150189063635,0.055399157652912145,0.10488053013368065,0.02619797447758737,2.83114098867007,0.02469100695038877,-0.024945598344134123,0.008003186239333195,0.012619251759627158,-0.010165117868124594,0.1026763280918224,0.05018534331299515
580,baseline,Temporary ponds,121,0.19241016492880858,0.03338162204586678,-1.500729630809329,0.047426859329831914,0.002337026657118343,-0.033299714665699726,-0.005114196533300592,-0.01079689624468727,0.19265957,0.05598605000000001,0.04034677289451023,0.05202820415441426,-0.49035428216978955,0.0625694605963448,0.045897516329754896,-0.02450208199915452,-0.0014849904335255714,0.0012527574918094273,0.020830093,0.11713820999999999,0.628223111508813,0.021506658869555266,-2.8791073572206947,0.0664084756753165,-0.020770014357404866,-0.005580580554441976,-0.032446322053800714,-0.012041185057094374,0.6510009581635626,0.08062956545808508,0.08990606145923492,0.016049077146436736,2.8201048712185814,0.016464044389518765,-0.015226824523354304,0.005071162804254454,0.001399441363390244,-0.002384787629500971,0.0944550087343175,0.0290024250322288
580,present,Temporary ponds,290,0.36825105583507856,0.08309383796485197,-0.6873574265668012,0.060528127418646216,0.06422533930988188,-0.05272278158689673,-0.007916726501847946,-0.011310723632491457,0.34348548999999995,0.12031545750000006,0.05684209671312846,0.08907938105707142,-0.48869235976225156,0.04441546649618791,0.07865241800155864,-0.04182024954515488,-0.005876374316894353,-0.008716939209198114,0.033298645,0.11777324950000001,0.724516157154426,0.023788309986785015,-0.5494715230285897,0.05813086281299465,0.020286685770971768,-0.012423126516993508,-0.002549772334436626,-0.01334570991246115,0.7276244332716069,0.05969713736116766,0.06544362803646558,0.01305900283076185,2.658933932870053,0.018999916570059894,-0.01156719520202579,0.0060611508884103465,0.0035579211389719823,-0.0040837978061647245,0.0639137359387381,0.025808713452730815
588,baseline,Temporary ponds,124,0.2984178650429299,0.060597727018203415,-1.0221042857380371,0.0472093101806869,0.03160606041086254,-0.05170243190680307,-0.002709923455041993,-0.009820934461817693,0.28594776,0.07060908250000003,0.030271671228652874,0.04021686447592606,-1.1893912667226103,0.04600802946499168,0.014969719662872536,-0.03732698328943836,0.006957339346356932,0.0012248411366636656,0.0172397185,0.0816052695,0.6764927488504213,0.019722489164296753,-0.7665746269746455,0.054228214323726286,0.014205930971919196,-0.013680939443505688,-0.01576669856859432,-0.0112666289701673,0.6872902748092349,0.07740763040086618,0.0782996200390216,0.014518419806802497,2.6509366098426557,0.012032172540776011,-0.012805593515153844,0.006841146717561676,-0.000663179850625641,0.0006256879772737518,0.07972535568771749,0.02337667200006191
588,present,Temporary ponds,308,0.4208209823235596,0.07348022155103852,-0.9281038255091899,0.08032912857432573,0.04404058519533318,-0.05881980801432715,-0.0003180139907911914,-0.004686920370225109,0.41088109,0.12924754500000002,0.0915584260964615,0.07868509907810023,-0.8070088355545515,0.04521410694400653,0.05442347783390675,-0.056828072969199915,0.005896407060538905,-0.010335507468273972,0.0679714525,0.0935663695,0.7414447790814512,0.028557521512165337,-0.9118263813906672,0.0645827150482062,0.017485850146684703,-0.022578243500446897,-0.0017714560735645748,-0.001495034753028377,0.7501356274292335,0.07427648371892259,0.06964035758470852,0.0029581188511719364,3.0025013974138495,0.06550050921603658,-0.002929550511524198,0.00041012307675512204,0.0029572332001735627,-0.008742504694519496,0.06592175564344895,0.01990088231547245
596,baseline,Temporary ponds,121,0.2181596955307426,0.054332156065887566,-1.4526388130251098,0.06064230529342017,0.006404824996609949,-0.05395332612110919,-0.008556439871193304,-0.021749613690149168,0.21428226,0.07874932000000001,-0.0412965078619303,0.046008556771093584,-1.7145572381777339,0.04343360846706599,-0.006591472641835457,-0.04553394101734305,-0.010919174621742649,-0.013322966461530743,-0.03687895,0.05924334,0.6437868600480211,0.020529214105902752,-1.0959334171393895,0.04734959422136819,0.009386296025553948,-0.018257767627140695,-0.01118300395528268,-0.010033338674785296,0.6422398223029085,0.058968947169835806,0.10798507624127938,0.011174776585411515,2.2488324471888492,0.017059007965624356,-0.00700954347718318,0.008702984084516079,0.0021745685719332395,0.0030249441461591858,0.1112318391075594,0.022681202255702998
597,baseline,Temporary ponds,128,0.18717514144081823,0.04543901336867311,-1.756084501646711,0.035840664075404385,-0.008371219590574644,-0.04466124291244964,-0.02524102340285193,0.001097600808810449,0.182868545,0.06521180500000001,-0.04510913083267701,0.03882255957733636,-1.6633046493327308,0.06560637862535544,-0.003586289632762661,-0.03865656035921678,-0.04066669503811439,0.02679044987007087,-0.0707174775,0.09071845785,0.6627195763243844,0.02989913486024037,-2.0046740156236655,0.054263528247990876,-0.012569367441300713,-0.02712875351940097,-0.021529547417218027,-0.010268825935389804,0.6771954484947704,0.06333770391570226,0.10462197486999217,0.01626910163317554,2.438948627245423,0.021830916716426833,-0.012415540190746095,0.010513706754640036,0.003632881990489503,-0.008588572753786286,0.10147326829887335,0.03447324813255241
597,present,Temporary ponds,324,0.23919606162094786,0.02844520519824188,-1.0309365958152665,0.04474496641091277,0.014621281397112197,-0.02439975059455624,-0.012062310924219256,0.006351151585552317,0.23404870500000002,0.074690585,0.03828003401118447,0.06752176809606612,-0.40128174357542784,0.07004115180197278,0.06215791332117476,-0.02637390715036847,-0.009556915071854327,0.008456752432183188,-0.0016574292999999999,0.12066471549999999,0.6760633669232006,0.02079936362754826,-1.965507435206491,0.04933247189509404,-0.007998219046027391,-0.01920005258854106,-0.0077133141788007864,0.0024001922589113895,0.6834452191639281,0.05212543370749534,0.10625995514681351,0.0077408179312099664,2.457173714378047,0.043058267411836985,-0.005997481524785004,0.004893922517163945,0.010091501699026909,-0.009383474286540053,0.1025406375528122,0.03070543569289673
598,baseline,Temporary floodplain,128,0.3345441435250039,0.0789601801036684,-1.628683184777057,0.055695526819106035,-0.00456820447699733,-0.0788279236683302,-0.020757920588602617,-0.010263836809982567,0.33996566,0.09124664500000002,0.024628910465450835,0.08753705693240289,-1.8395861229009252,0.07376109617140603,-0.023246768225984885,-0.08439386294887849,-0.018609480753384228,0.0055399772382462515,0.011951924999999999,0.1068573085,0.7064637966296566,0.029636581117933596,-1.6299943086349429,0.04916512958840984,-0.0017534012684221056,-0.02958466704818146,-0.017073061026196556,-0.01760504655812348,0.7163803345815087,0.0647568124713156,0.07647159451960844,0.015253193027735859,2.3498574408800654,0.0137590566900364,-0.010717071008390144,0.010853768310706344,0.000362357687240064,-0.0012533498889755294,0.0760139361405144,0.026454505059472666
598,present,Temporary floodplain,321,0.45383358820228276,0.029085414311102353,-1.5725407466607932,0.09502168736892551,-5.073714879991285e-05,-0.029085370057645978,-0.01116341026278388,-0.00962776735134711,0.45828134,0.12224662000000003,0.14900737487833404,0.05526168816817246,-0.8829716652960972,0.08992755054455315,0.03508332241309521,-0.042696775846135536,0.000517807043154667,-0.02253105708906211,0.14158227,0.152046763,0.7322347755726298,0.01879326751112625,-2.7531793145863226,0.07291048099852386,-0.01739337816619472,-0.007117394165879413,-0.012512656731751703,-0.0013588246759553156,0.7470654140128477,0.06566551061531378,0.07295599054354222,0.005570814992533428,-0.3287193859359808,0.05960916430106222,0.005272534292467098,-0.0017984331557757997,0.007327421172438587,-0.007277683286212965,0.0644232413419256,0.020422991969989007
603,baseline,Temporary ponds,71,0.3185186617439217,0.018080687605147618,-1.2643662495514683,0.053479130275962336,0.005454164941212546,-0.017238426525323786,-0.036595889409623356,-0.02705557567883243,0.3090368,0.06629501500000001,0.040241582944504944,0.02098473062769131,-0.29486165806335696,0.06800509947554743,0.020079079066103345,-0.006098319717261154,-0.01588385656347277,-0.03008153657833882,0.034804594,0.07508088500000001,0.7170667583912295,0.025017039463488287,-0.9810995118236688,0.04190352742567191,0.013912202514476113,-0.02079189468792911,-0.02279604190056075,-0.020385664776918177,0.7237586527463378,0.04909579570638689,0.09968611206869442,0.01392888462390149,2.509154282143919,0.018102664002766135,-0.011234878905607367,0.008233548617837753,0.008651478134139958,0.005654250172020865,0.1029971526912273,0.02893200146418695
603,present,Temporary ponds,237,0.4200462781827584,0.005410001132175756,1.495304745195875,0.05742026073016121,0.0004080217328829121,0.0053945927108205475,-0.01341733869457866,-0.00220312545163324,0.42114595,0.056364000000000025,0.15468331301431817,0.053202518585951125,0.41794198422541623,0.06961871721996316,0.048623174764037845,0.021593861622097803,-0.0013306425917164804,-0.00338922433122469,0.12688272,0.079141204,0.7650327035928964,0.00109532506585353,-0.08553543485216206,0.04893178453585645,0.0010913206390128528,-9.357490449697617e-05,-0.007776057648760254,0.005507327561667222,0.770210489142189,0.0386031807311118,0.08218052630644654,0.009545999479170585,-2.6266307033540777,0.01951194168375076,-0.008307992767769544,-0.004701421298608965,0.0012349869674893729,-0.0041364373129599025,0.0834101709175805,0.0183823788539923
608,baseline,Temporary floodplain,80,0.30231420071541926,0.07204347538006865,-2.0291513404709915,0.03704816905019103,-0.031877329630720416,-0.06460726120532391,-0.029264041259153044,-0.04293392752794309,0.319531635,0.10191035249999997,0.06772009911886476,0.03590141980632502,-1.4577763399419428,0.03576341500167321,0.0040489452526771726,-0.03567237007055754,-0.015164485217095281,-0.0343164849658147,0.067151935,0.04446177775,0.6983117638378437,0.01778925080715803,-1.8321576909425872,0.035681669062209,-0.00459666986274998,-0.01718511188362935,-0.01873136346707626,-0.012759853967055113,0.7032894787334816,0.04819565606945919,0.10768520705315442,0.006473668517803314,2.3998550480654295,0.015342778408618162,-0.004773008596469437,0.004373416629641706,0.007255440962463923,0.0032804027440962824,0.10476687802580889,0.024634997090110633
608,present,Temporary floodplain,235,0.3599163727101869,0.06474010666025133,-1.837343158652802,0.059433546265008234,-0.01705265998212932,-0.06245388857320739,-0.0167692382007807,-0.02793363409737215,0.36488944,0.11112788000000007,0.10523001338626849,0.04487277899782161,-0.9005217523199982,0.055731387948550586,0.027875023310341786,-0.0351646039425335,-0.018521068127087533,-0.027399520299962527,0.10123603,0.09658436999999999,0.7506835480593743,0.021579144185220344,-1.634959815221127,0.04519256949649814,-0.0013836433128330081,-0.021534739258913294,-0.0019355400738360863,-0.0056220314197145994,0.7616480049347261,0.04782737254406133,0.08928117721710223,0.00797392640207948,2.659296514039186,0.02007710958278335,-0.0070643587664565195,0.003698423648606136,0.002290170262608942,-0.0012399145783693645,0.0884315799078587,0.01973399432785755
615,baseline,Temporary ponds,72,0.16343220295838792,0.00610708907757649,-1.0458276175472065,0.02118079207314016,0.0030607871054493213,-0.005284706169369232,-0.010407386223831121,-0.0066984252922243906,0.16107559999999999,0.019846107499999988,-0.00937598037341472,0.05057400175865246,0.14817986990841508,0.0707660263077082,0.05001978336366247,0.0074666542799608215,0.002416389870963371,-0.013626803989636333,-0.038498182,0.04455304575,0.6612082358104885,0.004870248251907898,-0.32983223794981853,0.029711886553847388,0.004607725761995791,-0.0015773970132633823,-0.013324643464225079,-0.005035110450767085,0.6597183852505392,0.03478748565422074,0.1694491037500217,0.017966890530653305,3.041786268641962,0.019917693558786545,-0.017877477866571897,0.0017902347529615765,0.0073007938002983596,0.002862564169722663,0.17665144416323791,0.018594758103698206
615,present,Temporary ponds,228,0.225519653583862,0.007048735793962932,-0.08917460383184592,0.03730167626382365,0.007020728200213773,-0.0006277354791767952,-0.005651681931767153,-0.002393476352262042,0.220954815,0.035773,0.030067391795739907,0.07549649856649907,0.4893710900287917,0.06865909174168712,0.06663537377293967,0.03548870606181663,0.009036005959401015,0.004879161607698444,-0.0040181482,0.06505679724999999,0.6907540065145208,0.0021825907404313585,-2.8583010151094457,0.04770228980946336,-0.002095593918923766,-0.0006100725097776818,-0.007418335043128663,0.00023233659315169484,0.694616798750195,0.030439881406209346,0.1402515433024258,0.026706343071829595,-2.82363747519164,0.021057370110269383,-0.025367732107877294,-0.008349067491237093,-0.00017023879992972,-0.004839158891650537,0.15112749766739975,0.036586701221646006
618,baseline,Temporary ponds,73,0.37539706367465525,0.04983751328353434,-1.25925162805725,0.08661623767744266,0.01527666007260245,-0.0474383957076187,-0.04256522592347644,-0.05025957238387337,0.38019398,0.11712174999999997,0.16670863810366285,0.09430315995605754,0.3006289595636642,0.09920495481967856,0.0900737037745399,0.02792514755617616,-0.07946862519306969,-0.022920630519788127,0.13285495,0.218666392,0.7273981751017732,0.019561969733423955,-1.1962562637375986,0.04751708750436915,0.007156639339924179,-0.018205855464922392,-0.009398062008402526,-0.013599416486221275,0.7295319966208591,0.06017229034811722,0.08669344778833649,0.01636479172048483,2.872218037964626,0.026378744396905976,-0.01577463670642568,0.004355140047706443,0.009825140971890873,0.009536744544229198,0.0826855317226055,0.04025895996365969
618,present,Temporary ponds,229,0.4265859558030593,0.03580863185808856,0.6367692218973358,0.08875916671433459,0.028790891077678328,0.021291846009714083,-0.04527636065393029,-0.018725164647259557,0.43009996,0.13757210999999997,0.1429402351465456,0.11085565704727084,0.40307563935669,0.10001835981998346,0.1019715659761909,0.043483059135087015,-0.037992750418830996,0.007419585159122536,0.11629692,0.177995112,0.7563827996459488,0.00974078163496485,1.5522902663310005,0.05582394363203876,0.00018025320481026078,0.009739113699008968,-0.015289993903251156,-0.0015583848961174898,0.7656857602448015,0.05670089373325482,0.07543657499924941,0.01465460815971613,-2.6771186434559926,0.026146176395924137,-0.013102059518146414,-0.006564569802947298,0.007691504866487944,-0.004369249455298747,0.0707278488291564,0.037360131429808895
620,baseline,Terrestrial saline flats,71,0.12819217723220044,0.014212391337006264,-2.3764883307416813,0.037230289045087926,-0.010251541502934091,-0.009843676362509615,-0.014571547333139674,0.0018295798537346563,0.1311716,0.03302976499999999,-0.0012917773388933461,0.07507575763058975,-1.1397554884780952,0.10099667706166562,0.03136790251279745,-0.06820868035488366,-0.017061719608830222,-0.01612129603817822,-0.022179931,0.10296424099999998,0.5620282732618491,0.024949851634808663,-2.812670925902219,0.04120947213802517,-0.02361232003143765,-0.008059369660955676,-0.026119774229777157,-0.0037540465972866464,0.5727430386436647,0.05098056640101334,0.13987978862037767,0.012531515872546322,2.287351605536748,0.024327044873591018,-0.008230586888516092,0.009449673514702366,0.002768281957094808,-0.004943468854744769,0.1395951530319015,0.03890258476841371
620,present,Terrestrial saline flats,223,0.20413521334612736,0.03289737097343509,-1.8251793036270498,0.05874486376240909,-0.008278567150401935,-0.031838692543823086,-0.027803821841418615,-0.0019047792408075745,0.20038506,0.06608342500000003,0.0743082964133437,0.09929718395912092,-0.32042653446835573,0.13270794962702906,0.09424307230734263,-0.03127577439943717,-0.01891093539144484,0.0418082533158844,0.010241536,0.134550675,0.6420892307045167,0.019046447843554977,-2.164093807950783,0.06110539524926343,-0.010648830980583668,-0.015791439902815115,-0.01910668666592306,0.004248976727156002,0.6452779952567149,0.0477092480883573,0.12052801731661505,0.026743957624672698,2.6691248750281873,0.026016853345010867,-0.02381410228110328,0.01217077655597376,0.006082468566833917,-0.00784767770416489,0.1242492655913909,0.05585641208848971
622,baseline,Temporary ponds,76,0.29853106976205934,0.10735557022254832,-1.8956047195225347,0.09331096584232047,-0.03426008287583549,-0.10174215045471266,-0.008590434548390919,0.017251206605142174,0.28612788,0.11231376999999998,0.16906980635708346,0.14474727774565962,-2.018281754102608,0.1277252371275739,-0.06263213573868011,-0.13049517227694932,-0.06860457206525133,0.06325442096523112,0.19277106,0.31785547412500004,0.6603141753450613,0.028480541814112453,-2.0430239725573838,0.06893463078233181,-0.012954979893570046,-0.025363551761979308,-0.013440861589132911,0.010079093942666607,0.6651179376545093,0.08540899029304694,0.08531408616854748,0.024201142455203828,1.6040666373431716,0.02123985344132652,-0.0008050309893057608,0.024187749404260963,0.0023615317828738274,-0.01033730749956647,0.07973452466801326,0.035645575203083375
622,present,Temporary ponds,228,0.5088212232805984,0.16133546372535748,-2.2324180987632296,0.08628387059537886,-0.09912406239685075,-0.1272931738524159,-0.04749105407690816,-0.029711355114296196,0.55178295,0.22838389250000002,0.1700471929560968,0.13515485233676164,-2.0435787022736926,0.06915233238857293,-0.06154481729610599,-0.12032900553964858,-0.04297425751505043,-0.027595702580771767,0.19038747,0.192151935,0.7994747504343753,0.025592804858010357,-2.2054593268624423,0.05331367480918175,-0.01517413194810975,-0.020609157676177683,-0.007136689716496879,-0.0008682787362523164,0.8142678913021346,0.06277336467608086,0.05985357314904641,0.008468761926448274,0.5097492086158696,0.02473365873635212,0.007392102061426639,0.004132403136228592,0.006285872223325642,-0.00613499384447851,0.0552003351205112,0.016132861559917576
626,baseline,Temporary ponds,106,0.23396138208226133,0.03828879163990595,1.4028173330005589,0.040711945999765554,0.006401508127751433,0.037749864356504174,-0.029687652479957923,0.006468756823017128,0.22227849,0.053457057500000016,-0.012605901510861965,0.05055088395520995,0.9080360749927479,0.04775876009395284,0.031103710744414946,0.03984910346018928,-0.01679618892593241,0.0054871464767567305,-0.035214909,0.08147194625,0.7032335058948423,0.011228652195990497,2.2944529278570007,0.04437528443875654,-0.007434819744800061,0.008414635197134417,-0.023602990263705916,-0.0033954244160165348,0.7074146075070757,0.036628515588905675,0.14422494096385458,0.007832126348032943,-2.7806376065090572,0.018836078231195447,-0.007327423800570684,-0.002766055599293354,0.004488833159979847,0.0037061808974638982,0.1487500398762999,0.021137220721119482
626,present,Temporary ponds,269,0.3168409011731862,0.06807412466088558,1.1911366700022086,0.04292953469765028,0.025228568984277226,0.06322662220418987,-0.02020214305394604,0.014747781224269042,0.29923448,0.09474045000000003,0.03436364274983578,0.08296074005734422,0.9253387157356676,0.04543725979951288,0.04990619898266704,0.06627107735629986,-0.024088592071440488,0.019194638916350565,0.0064026164,0.121256597,0.7341834845131717,0.019712124860351204,2.197082785682499,0.03723896732983134,-0.01155406603268802,0.015970955657767037,-0.01238926384326293,0.0013251119325820176,0.7392081583989026,0.038863543855862104,0.12463757006582114,0.01990945300700001,-2.3978006856614758,0.0228876325282024,-0.014651493440403684,-0.013480358266891484,0.0018246595932838328,-0.003598496691744607,0.1273610364279437,0.03186508193111019
629,baseline,Temporary floodplain,8,-0.18129794923637502,0.06625828254714458,1.1334003138853013,0.014311483673290184,0.0280658199448411,0.0600205777789668,-0.025142450395980946,-0.13161257771723014,-0.095101452,0.045269527500000004,0.2190482990295419,0.9326967312086493,0.5913198458067382,0.03687306912200005,0.7743300911395987,0.5199385563343423,-0.08193413114048406,-0.3523832619492883,0.84729253,0.29633265,-0.04777672895785085,0.5316704870031935,0.732382476254345,0.03091833047108534,0.3953413951403289,0.35549780314189183,-0.07535241523112317,-0.30273156753241975,0.330448677800735,0.1374733622212144,0.11414491111595584,0.07356490141796482,0.4512781995851684,0.012952551934187373,0.06620034813381641,0.03208284007996164,-0.04161568992624793,-0.06062487047895509,0.17956608792810608,0.03570340374586822
629,present,Temporary floodplain,10,-0.12727863986854748,0.27370685129747274,1.416138009874943,0.0371379271144204,0.04216248858884433,0.27043994712906677,0.21429761350180992,0.044047831916375964,-0.0314159975,0.089286596075,0.38334695621997317,1.2094228357797157,1.159968094610871,0.10025705942068958,0.48300572262656516,1.1087872057412274,0.7801666792798986,0.19561397655045967,0.7243083,0.12773100250000002,0.16140302954328897,0.4105161140684921,1.3715182141924795,0.05975630321834993,0.0812665012260934,0.4023918931692891,0.23769919723897984,0.10374394472136395,0.3095080642332869,0.1510974017853095,0.18446511009864602,0.08644199969052319,-1.501343045351392,0.01150293174075496,0.005998854979753845,-0.08623359582800831,-0.11712106855624461,-0.030403428847304056,0.13385050363111664,0.12277011776148754
631,baseline,Temporary floodplain,76,0.3463252382557762,0.1363205413161106,-1.672580150813179,0.07131233980895511,-0.013851280627143636,-0.13561501395385958,-0.04802211633695017,0.010051336967289519,0.34906952,0.19831729249999996,0.2673551309075784,0.20725677749786836,-1.4718856105713896,0.09639257929647653,0.020466506411387253,-0.20624377307960975,-0.04855534043544149,0.03667460860820436,0.30479568999999995,0.333076975,0.6837951807392316,0.0574706202847258,-1.3055850700259715,0.07354724548579304,0.015063805006495354,-0.05546128356464013,-0.03798283714397451,0.0062173909703293565,0.6903429042808762,0.1247295781997676,0.0899261487048881,0.028937800329667362,1.7072238896651055,0.019604087799901894,-0.003935678222185147,0.028668915655307128,0.004394554695336142,-0.00868405249363911,0.08053934816545194,0.05229419170007782
631,present,Temporary floodplain,227,0.381705040050474,0.09737121162904276,-1.7065724183545092,0.0869789823327955,-0.013180099100457476,-0.09647506331591575,-0.011823173162208616,0.011763888586343422,0.39541164,0.15909800000000002,0.2437408667587287,0.1298660855275011,-1.3323219381179119,0.0931457312826391,0.030677027262186206,-0.12619080857412443,-0.01831110252387151,0.025312444235495096,0.24712384,0.20765164500000002,0.7753603892619588,0.04220136827693351,-1.182130765522719,0.08114429135549231,0.015992370667913296,-0.039053803462216534,-0.004299982759954201,0.01139612925057057,0.7905817820910402,0.10073161776592598,0.06876317984532594,0.01699918927200164,1.9052489834626942,0.031349402779322466,-0.005580021344182699,0.016057266196454527,-0.003338895480601492,-0.01664907192589074,0.0585549084193631,0.03655756942291764
633,baseline,Temporary floodplain,78,0.22655006300430935,0.04340377088924415,-0.1374644523677904,0.040275208865252266,0.042994327102408664,-0.005947702448600303,-0.008395271826282706,-0.008198446160666879,0.21531285,0.05971174999999998,0.04615158574620452,0.09727294817325183,0.07672604964691329,0.06335078382815117,0.09698677119337526,0.007456048537932807,-0.0005361657183873945,-0.028077327865140392,0.00329661355,0.10883499999999999,0.6684640024882935,0.027203718022667838,-0.3922097501047358,0.04042977002489119,0.02513804942375131,-0.010398112589593332,-0.01133719915066683,-0.005230123049912035,0.6704084909042947,0.05502182008054812,0.1193199063598928,0.012943723533356086,2.6046545086057304,0.014855575642667668,-0.011122268109091588,0.006620810450197195,0.002627785273070177,0.0012761692456558632,0.12181992347300574,0.025005690667380592
633,present,Temporary floodplain,226,0.2512410452634242,0.04911402375067332,0.4236366840935406,0.04637476132826944,0.044772344523505765,0.020189712599494977,-0.002971452266924302,0.006207358257268276,0.24190842499999998,0.071233355,0.04922234871002016,0.10179939658399381,0.30969885587387963,0.05656413677642506,0.09695633033107608,0.03102558869057136,0.0069675287686078,-0.006796518595215131,0.018840803,0.12158488525000001,0.7062909845523946,0.023743428948127865,0.2559514918070344,0.055972575541786564,0.022969935660329018,0.0060110293606953635,-0.004125158680199562,0.0074557241355258696,0.7046739665069688,0.06329240155844662,0.11255970091242355,0.01794931164793919,-3.0091919310415998,0.027853768824337603,-0.01779221605925261,-0.0023695645877922396,0.0003319861490616639,-0.005885109414078457,0.1174492049801359,0.03525959810354312
638,baseline,Terrestrial saline flats,79,0.1158545191818869,0.009047740015035612,-0.25674330896965564,0.019957473720059665,0.008751173951049082,-0.002297510360837709,-0.005872364279810881,-0.005161989203974876,0.11141407,0.022314531999999998,-0.022622927519528675,0.06122001915906883,-0.015119920622571505,0.08029415724235778,0.061213021476884434,-0.0009256065617956113,0.010451728963595057,-0.02159351076473445,-0.053903688,0.04696455550000001,0.599049104509253,0.014124071625998673,-0.9237121414557208,0.03147626671137513,0.008514874593544839,-0.011268820255578906,-0.004401055736799819,-0.0034749670831166093,0.6043138364673217,0.03878875165427165,0.15663279161304994,0.019217946469758457,3.1243825059576342,0.022065536963005422,-0.019215100466088098,0.00033072736905583614,0.005773191633499236,0.0027883170218291646,0.1614044092102195,0.02677723302808463
638,present,Terrestrial saline flats,226,0.19010332924664933,0.027538453213984886,-0.035359146247400886,0.03529089479339925,0.02752123976729457,-0.0009735333019051411,0.0031979828624129998,0.00035956493463289727,0.176911555,0.045475857499999994,0.004617655284148915,0.07926939975084195,0.24426734216939297,0.060665375697500176,0.07691626981284788,0.019170946114784388,0.013365988655390114,0.004261279152513709,-0.0385897725,0.07455697,0.6678357675279669,0.014219118289605828,0.023600648795315912,0.043393944681821756,0.014215158515626063,0.0003355492652753317,-0.0009994604064126294,0.0018649891139262743,0.662721377937308,0.037877073656179094,0.1349362323169337,0.02847239452745377,-2.9993990386657234,0.01846506449239367,-0.028185037175166662,-0.004034963390348491,-0.004647863011164007,-0.0025968794085919674,0.14902388541232636,0.04233464081631988
642,baseline,Terrestrial saline flats,74,0.10611570789367607,0.01079036284103908,0.1519626657827912,0.014745089453489594,0.010666013368283976,0.0016334286237434685,-0.0005485631293451578,-5.334610316300233e-05,0.101532445,0.02164255875,-0.084041551520233,0.04397530635655254,0.20811425398791647,0.050388236733380255,0.04302641941932025,0.009085967263059653,0.00799447827264401,-0.009048428381635179,-0.107777233,0.047552442500000014,0.6202950590139008,0.0035064830841592225,-0.7863337711817867,0.02770470845413897,0.002477137081877083,-0.0024817766815497847,-0.0037720669647079235,0.0004309199148495853,0.6240483537690115,0.032806997724440956,0.18782724701650774,0.013897774455812173,2.8095905979303617,0.022344348905605608,-0.013138840560728287,0.00452979067335197,0.0008042077407843345,0.0008536420425028109,0.1932237035945707,0.03475311727198824
642,present,Terrestrial saline flats,231,0.1353774251257006,0.00802455642088219,0.5828919628316575,0.02566037230817135,0.006699495839749415,0.004417042137573726,-0.0011327186711599226,0.004587069577142587,0.13482167,0.023196465,-0.06094024686450592,0.059802850599491544,0.48283325291162643,0.045010310584931705,0.05296636975662793,0.027765889408215907,0.008855057475444952,-0.0013077814255996803,-0.082765095,0.07133912049999999,0.6388422737468064,0.006300001818266428,-2.8335736113134753,0.037070026076800856,-0.006003498590541443,-0.0019099810427140893,-0.002867465790509763,0.0066134750272687105,0.6447150485134752,0.02923636663947593,0.18092483937694676,0.02350219880541091,-3.059931179380022,0.02946678524382766,-0.02342387900469999,-0.0019170918241526692,-0.0016848664461669896,-0.002157662426515837,0.189785782100504,0.044888687185759474
646,baseline,Temporary floodplain,70,0.25729596326907644,0.10920827203938144,-1.9858459560178394,0.05770391979190815,-0.044036635405649796,-0.09993608669533449,-0.022626228996380986,0.03803501647310746,0.22729163000000002,0.1724906475,0.15663515211488102,0.1922573286003998,-1.8974504006231552,0.12298953724924584,-0.06169073038794391,-0.18209100522750737,-0.04981766977046753,0.09628660382216683,0.07884155300000001,0.4205738275,0.6427563139023449,0.04420775712267403,-1.8305865390742233,0.0437388369748989,-0.011355991811947304,-0.042724316726945114,-0.021208893200631806,0.015095722926797459,0.6364379805414854,0.09337078628417506,0.10736855739471633,0.03374006907738203,1.5912980548496123,0.02445926325563312,-0.0006916812637191207,0.03373297849843578,0.0020543004909771823,-0.014492539341179242,0.09887710325606755,0.05997839688001884
646,present,Temporary floodplain,218,0.27408800032465447,0.09734734791629632,-2.092677280933268,0.09144041998240872,-0.048528780800772046,-0.08438876453845653,-0.016838431232622277,0.025174604944319265,0.28848639,0.14457319000000002,0.2520275674134184,0.18789004111899613,-1.4479125964439716,0.1526038166902456,0.023030565039789362,-0.18647321691236543,-0.020138268087133412,0.10120632619822366,0.229768305,0.3994668575,0.717333087245213,0.07013941657654275,-1.9758474349466273,0.07161278731729886,-0.027639540639160062,-0.06446389338966442,-0.009009365108009868,0.016037349680363844,0.7344692830271792,0.1204885316651988,0.08802585001416557,0.03699900177308551,1.7630952342044879,0.038876682804616584,-0.007071098660435581,0.036317016616720744,-0.0033619441855293635,-0.027926244369832487,0.07338032845519529,0.06658777277825603
653,baseline,Temporary floodplain,85,0.18758186315208972,0.11327484028811846,-2.066541170076575,0.08726174119289087,-0.05388336421953353,-0.09963820804633049,-0.002115030448043529,-0.01677582985687667,0.21403855,0.13004233,0.24847727293583968,0.03419396989694945,-1.0780538262888586,0.07101545885133374,0.016175249341190197,-0.030126215926727526,-0.019259057873364627,-0.017250697574778033,0.24135935,0.08107532,0.4174937935302666,0.02777896284974707,1.8279936358248867,0.12180225716086929,-0.007066164039109722,0.02686522106330079,-0.06766284929506573,-0.02963700618320134,0.4443416584918834,0.15665923552078098,0.09433807197324486,0.016729982452815692,1.660786514127941,0.01391826896157288,-0.0015035030495714882,0.01666228650130138,-0.0005204943128702036,-0.00110138089945525,0.0889492775406298,0.03041965853401321
653,present,Temporary floodplain,235,0.19645913928680567,0.0861728769192652,-2.3364891840508775,0.08388470595096428,-0.059720961708108054,-0.06212222991169522,-0.0262141730893936,-0.04171396522426723,0.20216244,0.13851353,0.2962771229210578,0.04751173512166644,-2.0734355459487164,0.0629429789629848,-0.022888303225666082,-0.04163520805425807,-0.010037794651050484,-0.03136849981830702,0.30477747,0.08872625,0.47315713735275816,0.021570792210696108,-1.7968752626309459,0.10784138398287708,-0.004835265044218575,-0.02102187642788307,0.010498145389124816,-0.02958178183773774,0.494454559403239,0.1459523465002428,0.08938430440568476,0.005651359520011135,1.79513449330798,0.017218977182149455,-0.0012572080053228924,0.005509745226031102,0.005196194705979865,-0.0019560157947040202,0.0884485816025333,0.019213527035387534
654,baseline,Temporary floodplain,98,0.42378374756457254,0.07991807715631072,-1.7578181879024872,0.054809562957732594,-0.014859449139245681,-0.07852449189673374,-0.02505899249271879,-0.0463730405046253,0.444482375,0.098926825,0.25655509459022985,0.0859611337898393,-1.4565938390173807,0.04476048133145178,0.009795650069434517,-0.08540118126906582,-0.013101504257667894,-0.03603465564359492,0.26999583000000005,0.12145386999999996,0.7203224045525137,0.025206409274223168,-0.450760447746671,0.05152671006891639,0.022688694142157528,-0.010981176012762495,-0.010586085719373951,-0.015596233634662003,0.7297419720725251,0.07932305148522367,0.06979218007889502,0.007559478090634373,2.1630223478740587,0.0113663722663091,-0.004219771233545357,0.006272100105971221,0.00317555906874399,0.0032541730447954603,0.0672411395889161,0.015906296234106845
654,present,Temporary floodplain,253,0.5333558063293181,0.14056545385237626,-2.3729380756665153,0.0631295305823076,-0.10104500072709438,-0.09771670606803123,-0.020744665883957333,-0.04980645765016896,0.57621294,0.18143069999999994,0.19993128921947445,0.12061365211902315,-2.25118388023789,0.03844328962223988,-0.07587736440013948,-0.09375648590458788,-0.0116567871315526,-0.06594041156104297,0.23868087,0.13050542999999998,0.8018449963893259,0.016175373918591238,-1.9758427146115665,0.052835023768684715,-0.006374090412629637,-0.014866529279487685,-0.0027786554006288123,-0.018141621356048705,0.8182104443781505,0.05398030790555086,0.05406387187441619,0.010816926909152098,0.7911824467382459,0.013011558848460517,0.0076043522835258365,0.007692836544862639,0.0025907057153442214,0.000566804133692914,0.0524096598920466,0.015804992543422804
655,baseline,Temporary floodplain,96,0.3652947062404634,0.09821424702126452,-1.7916908377947651,0.057471422921597834,-0.021518985747741692,-0.09582782252739784,-0.02530348712811975,-0.029245366656318557,0.38565758,0.11598044000000002,0.19962381232192686,0.07820563860545082,-1.2616875039866613,0.06308819731238266,0.023790923044589976,-0.07449908650696851,-0.03492094910841706,0.017742163956725874,0.21946364499999998,0.146381575,0.6925222452426444,0.016125267199842846,-0.8620403911306421,0.05651101689169104,0.010495772198740413,-0.012241854770355486,-0.013329646198898409,-0.027361003132144117,0.7095112861118802,0.08227736445160949,0.07298250060391356,0.009584773993795197,2.140962979783885,0.012611346999958748,-0.005173595949816789,0.008068568488906322,0.004301673216939093,-0.0006922932269039845,0.0688431096532918,0.021178776571245755
655,present,Temporary floodplain,253,0.5300650176240298,0.1583599681562934,-2.254055433606232,0.0582069571358084,-0.09997642836590587,-0.12281120993483925,-0.0124743818739038,-0.03291869378159688,0.5630552,0.20791983999999997,0.17532791238085446,0.12303455681465506,-2.128392964193047,0.04421880381589454,-0.06510353944026243,-0.10439842586422833,-0.013556877359836423,-0.04188325658252382,0.20239018,0.154969195,0.8022180608401316,0.02671733180758212,-1.9490207497673386,0.05052490227429636,-0.009865935032149154,-0.024828998063914125,-0.005945974964141048,-0.019060018742105965,0.8159875322735795,0.0492281168442088,0.05492755199160228,0.01070212051682044,0.7317413013263124,0.011214989872448565,0.00796250664881603,0.007150795160267809,0.001850307563310269,-0.0003100626906811529,0.0530607997960829,0.015506690340237696
658,baseline,Temporary floodplain,96,0.3273518331062116,0.11414821794589976,-1.9361613707986438,0.07974694211585465,-0.04078404726336575,-0.1066136818098136,-0.010360896052492564,-0.04682740715722789,0.36302253500000004,0.14243799000000001,0.1764193309870103,0.07385717231375123,-1.1678672579177138,0.07245342215626896,0.02896046959999015,-0.0679424249105902,-0.033836731369665994,0.01573428510848486,0.193529585,0.1263134825,0.6694692280464185,0.026980304664975075,-1.988005520792771,0.06009149536049569,-0.01093270582816544,-0.024666024874099055,-0.004367783758594735,-0.04367013151841444,0.6932731024449903,0.08724071197431882,0.07070640838617175,0.010214100984266894,2.124226205126205,0.012574955810611691,-0.005368615275064376,0.008689409010119583,0.006124406124273224,0.0003444800314908879,0.06729037824356116,0.020089473809410112
658,present,Temporary floodplain,254,0.5019954645688606,0.21259520784179056,-2.123318673400923,0.07065258841715916,-0.11157760282551288,-0.1809617665281985,-0.041930124799794494,-0.01885062439521525,0.5172221,0.26550575249999997,0.15295098343856914,0.14541128578412743,-1.9269968742216559,0.05285952137228424,-0.05070721336764161,-0.13628360336402046,-0.03487934363262923,-0.010815021431356474,0.139576955,0.174423975,0.7999586687195095,0.035502549123399375,-1.8742919013198214,0.05319685693007927,-0.010610215297097873,-0.03387999890213422,-0.012165958968292024,-0.004743331645351456,0.8086979100460567,0.066811885713433,0.05472233258503435,0.007785999067535614,0.5103796922520757,0.013093620232265832,0.006793744242593001,0.0038035273951819914,0.005861167161990477,-0.004192646285474873,0.05239482215333785,0.011947045874529098
662,baseline,Temporary ponds,93,0.12321014830821675,0.085790079449824,-1.3858502110076685,0.09549798450597502,0.015776243853209353,-0.0843270292485819,0.017308873023643753,-0.020754976967789916,0.11672595,0.18957669700000002,0.029863616266976794,0.0427498194600135,-1.7130490530702223,0.07749459943156026,-0.006060789147006022,-0.042318009154251136,0.005787063974045145,-0.00488037473185031,0.036546282,0.107588867,0.5501793786536537,0.056501112995559336,-0.4641304817851258,0.084395996125337,0.050523924632472336,-0.025292465468380487,0.003946973489251277,-0.02871824229748969,0.537866542001037,0.15321840418964955,0.11109174504828326,0.018581445013773373,1.5427942607756333,0.010845529198848871,0.0005202508543115398,0.018574160488390088,0.000699840600155059,-0.0011003870518812788,0.10884291616821,0.023623775261285396
662,present,Temporary ponds,250,0.5858725741833497,0.1231579358575342,-2.8002009191880255,0.0923069167219516,-0.11605044546558146,-0.04123313318107917,-0.018986440048115723,-0.005733798606219109,0.6259221,0.1593232,0.2272574322408926,0.09173804081823078,-2.626852215274887,0.07138053029770637,-0.07985067467483353,-0.045163457431216185,-0.005860940355977501,-0.008420272763405307,0.25023495,0.11246491250000001,0.8266165827729401,0.026574757397891276,-2.886574782594609,0.07229875870657541,-0.02571529752593752,-0.006703820098219276,-0.016577486769853503,0.00035210856256938925,0.8541481422388847,0.05751377135314273,0.04941376270422333,0.007542707068705474,0.22299011406683528,0.015117623431511271,0.007355953836916871,0.001668044685686653,0.002228497700785558,-0.0002670429482650287,0.0451342441789602,0.012899183947163023
663,baseline,Temporary ponds,101,0.2935426588358184,0.07249991881646574,-1.4445294548965324,0.0603046500123863,0.009130032251219906,-0.07192274146252914,0.0019464630915281454,-0.02530627837177422,0.30875757,0.10444785000000001,0.034053061735375194,0.055909286849941585,-1.3608502997713148,0.047151429116392696,0.011651893023316309,-0.05468163992641629,0.0036099068583467166,-0.0200764114980277,0.036197606,0.06791761299999999,0.6719167283617424,0.03721752590668131,-0.858236643245155,0.058001448693607426,0.02433180611813615,-0.02816216336938493,-0.005130102038781471,-0.013766289812696958,0.6867204838958949,0.08642300808521619,0.08698026531727245,0.0112962219606991,2.0367491029179923,0.01264040935183722,-0.005075101193171834,0.010091975944503954,0.0019928509590548533,0.0025109678824241843,0.083988309454352,0.01900192211227171
663,present,Temporary ponds,219,0.5187207323198215,0.04646531884427912,-2.148846674826072,0.09164467127399037,-0.025388282453481563,-0.0389160759759095,-0.0415134488520073,0.009343343818492486,0.5369645,0.12120375500000002,0.13582102547206612,0.044847828028888405,-1.2866092174008918,0.08103453730497778,0.012574311074466847,-0.04304897652571184,-0.03310183969088915,-0.0009196183310042055,0.14383982,0.10918581,0.8010233723225295,0.011392668511098622,-3.0240694541129405,0.07932521846749012,-0.011314082950032694,-0.0013358228937840426,-0.01837901504844175,0.01106994111454982,0.8265027416372078,0.06381567221772033,0.04870223338598396,0.0013902681749807604,2.6164441145246484,0.013791286806241069,-0.0012029288187518482,0.0006969991788952245,0.003804199416530285,-0.0038631180687311944,0.0449182341872429,0.012900059606474348
672,baseline,Terrestrial saline flats,98,0.12990355852753216,0.014375112774782027,-0.9583224625933211,0.030328691246704113,0.008264157500837942,-0.011762124301717162,-0.0022801415282058804,-0.004284779569222469,0.128542205,0.036918295000000004,0.03379828239863968,0.12269682715077762,0.3601612622085111,0.09178332746270829,0.1148245990874128,0.043241448140444144,0.00229997337859029,0.005624008238289459,-0.0249612005,0.10833565299999999,0.6468084292086798,0.009580850160325435,-2.272260644721924,0.04391880878911094,-0.0061828767960982745,-0.007318792545145508,-0.005079449374538186,0.0008149172006695261,0.6539578134482735,0.04663191825918678,0.11776625639757263,0.018029057224433865,-3.0705887581785802,0.01597728503688036,-0.017983629089699287,-0.0012790579212969622,0.004135214496226791,0.00583512448171909,0.11927687363515449,0.027295755078334802
672,present,Terrestrial saline flats,249,0.10623182494316995,0.09759538330190508,-2.379554171307235,0.0886174018491433,-0.07060344293352619,-0.06737961626321481,-0.029803526178595788,-0.04865772196230707,0.15093961,0.09077355000000001,0.21154227868773814,0.17099211798714037,0.07104645386791121,0.1429250672567351,0.17056074969247947,0.012138166173994304,-0.08537787802092663,0.07446997867932198,0.19326372,0.423015133,0.6515603813796278,0.04400594144221777,-2.3727189069216434,0.07646498391318146,-0.03162681658579797,-0.030598486153144797,-0.01609801049577809,-0.02523933230713692,0.672094200515055,0.06456023750110129,0.09046489482862916,0.03886047749971295,3.086457711099936,0.030029619858378456,-0.03880142721855148,0.0021414848374780525,0.01377809483402098,-0.0075960011388096944,0.0922787827726395,0.0781999977293081
673,baseline,Terrestrial saline flats,98,0.20843024184131992,0.05002144380430269,-0.5191300117577589,0.04547198846580191,0.043431175161519335,-0.024816886677350127,0.0025780564836803016,-0.0069620357097607815,0.196943655,0.0752484175,0.12240545742745453,0.1844996231172363,0.23292755044369748,0.10400679895955794,0.17951717534012207,0.042587494506088404,0.002194251846953345,0.004587452783845144,0.0264486335,0.21063197175,0.656996579173843,0.009407899918767703,2.0550779437212987,0.06883004673337006,-0.004380061401274567,0.008326082091993451,-0.01014832290290486,0.009511231718825423,0.6728257648898124,0.07191850573956571,0.09152258763757669,0.020638836556814717,3.0910279213977088,0.01611420687760667,-0.020612457570438024,0.0010431525898945586,0.003918516469727142,0.0015275958190046966,0.0937296080739512,0.02912086994090629
673,present,Terrestrial saline flats,249,0.11748393266317259,0.12901475358456985,-2.2428004703263063,0.09665165103726243,-0.08031886119499135,-0.10096379142458443,-0.03147169258502238,-0.06848137365125256,0.16613789,0.129561284,0.2424727774806861,0.1765686874141103,0.07243159877275553,0.1602952756845326,0.17610572049906395,0.012777972556214058,-0.10909112933459177,0.061614642019278326,0.2674663,0.440288068,0.6641666379944666,0.06428543822386505,-2.342037098070172,0.08186260882149149,-0.04480858750165158,-0.04609564028995805,-0.011795059133929458,-0.03732822604313503,0.6903457937577449,0.08160753472793958,0.08036731252280248,0.03701255728193652,3.0687261658220613,0.029206936481049016,-0.036914341200370245,0.002694589076516063,0.013797395880741574,-0.008024550588168972,0.0821795492351959,0.0690538640789854
676,baseline,Temporary floodplain,95,0.18171053899665293,0.03712724603005405,1.1686386088666985,0.03780410615555009,0.01453178320059777,0.03416518220040673,-0.008561490747661906,-0.010781453219527698,0.16462035,0.04681207999999998,-0.07530427840568303,0.08979722213147966,0.9710078269143189,0.0391617697098675,0.050687649598717244,0.07412356764678801,-0.011763783258617013,-0.004129387198040934,-0.11529669,0.1168722895,0.6799384104753404,0.015746571028176597,-2.7223058072469475,0.058501037219097496,-0.014382595234675187,-0.006410573567233214,-0.005804846575099835,-0.012636003985884214,0.6884976258973743,0.05180200895763676,0.12544257088550456,0.022964444618172243,-2.642876864928527,0.01588668593941317,-0.02016731835273195,-0.010983851195307641,0.00184105752493463,0.0025741041892244124,0.1335653208639877,0.03250544353462252
676,present,Temporary floodplain,243,0.2604040364145548,0.04832384768490602,0.9990384837669315,0.034144037997058105,0.026148572503099855,0.0406379922132495,-0.009623649422568891,-0.0033542531938665354,0.25048244,0.07482592999999998,-0.048570769629008505,0.07746965918255884,0.9864942393446756,0.03784341294049972,0.042733611184395545,0.06461723120811295,-0.01106058551252918,-0.006887898466299407,-0.06805956,0.1031392575,0.7304558907023939,0.016794643054530725,1.196128108279152,0.03387510049614002,0.0061462311186703715,0.015629583435427353,-0.00591710305634249,-0.00309501113627726,0.7334371589886072,0.03888953594282518,0.09219599737972399,0.021294120430565375,-2.6093961804574666,0.012866242180581466,-0.018349028580446236,-0.01080521702999939,0.0019402895427552886,0.0006591446083911778,0.0984851298420223,0.03528956255018015
689,baseline,Temporary floodplain,67,0.11432679133853267,0.05365142281846259,-3.079577724077513,0.07466701768247279,-0.0535482881762059,-0.00332505696845263,-0.02162827962228347,-0.021327586760242465,0.11856798,0.10476966499999998,0.23665852086164843,0.05023077161185244,-2.1884556856282056,0.0833134854874495,-0.029090075095674003,-0.040949944415714756,-0.02393734615853206,-0.02986669212082172,0.24447292,0.15176771,0.4952309491325036,0.025566293807753198,2.528243574376971,0.11478950482750847,-0.020906193672156997,0.014716196696382603,-0.009569391933013795,-0.019779928340266737,0.517798118263066,0.11728136204048545,0.09823205275566455,0.019299590541997532,1.0328552626006842,0.017695983052222152,0.009888510671611301,0.01657382127893836,0.012860074331640603,-0.0010875596951776562,0.0932604043458422,0.030924920867936703
689,present,Temporary floodplain,204,0.238062657277599,0.08030712990988088,-2.5288419679387393,0.08884341124830519,-0.06569678475684662,-0.04618622724335741,-0.0011061753949666068,-0.04185377597285078,0.24925861500000002,0.130780255,0.23028138427111194,0.0381915101639102,-1.7129144440071606,0.07300362115036546,-0.005409452893375971,-0.03780647124493904,0.003970191040523418,-0.007668641666055489,0.23495761,0.10850836999999999,0.6535705460727591,0.013185096883399002,-2.0980519130601305,0.10210650749774487,-0.006634260033826394,-0.011394444858271591,0.004982708485462756,-0.026285149748230263,0.6797276345295608,0.13464485430496664,0.0740938738546278,0.015142659602815703,1.419737487143613,0.021543638974956293,0.002278743108080599,0.014970219427053226,-0.004181466540285946,-0.003632247462694694,0.0669590580089244,0.03142656821665456
690,baseline,Temporary floodplain,92,0.36119044585594773,0.010687774694075104,-0.24385745484352936,0.053912619979120016,0.010371564302946855,-0.0025805390563118174,-0.002116005528884713,-0.01847286006561276,0.35681015,0.059182075,0.1829275673687592,0.061232380480572696,0.8007217756690097,0.0650288117159195,0.04262929490032467,0.043956201332903795,-0.00408892389425312,-0.015427235827215809,0.147714515,0.1063930025,0.704117700993221,0.007655805178651044,-0.6658820979652031,0.060933530745666105,0.006020312150150907,-0.004729396848246668,-0.010497398876894926,-0.0064420834455063275,0.716916014907909,0.06892323400890332,0.08445919031398487,0.005485202750062669,2.7106849897864533,0.012850845591451708,-0.004983783893307295,0.0022911454153121424,0.0009310604853019974,0.00015813274990793966,0.08371894776815035,0.01696493387011687
690,present,Temporary floodplain,252,0.47484380617722427,0.04364668809107028,-2.451598802626176,0.06578153515691698,-0.033662505094501374,-0.027782532859367687,-0.022429434622211798,-0.021205653077077887,0.48686419000000003,0.08926864749999985,0.2735288340632889,0.0028054127050235766,-0.3712911849246344,0.050641270522341186,0.002614250918726289,-0.0010178568560688956,-0.011364066370708087,-0.02027259659651848,0.26945825,0.05934567500000004,0.7826148322367912,0.011318873126831849,-2.193395783468169,0.05953763317732448,-0.0066005876985125314,-0.009195060135505436,-0.009446227658674162,-0.0008241094703176973,0.7963685331649597,0.04717462646106285,0.06988657733154283,0.0037458037553398144,0.8878922988771135,0.013662625888156038,0.0023637836999039585,0.0029057825785124064,0.0017634569841232007,-0.0020451866969261453,0.06758174892838151,0.011990862680634942
691,baseline,Temporary ponds,77,0.1833363614706234,0.07293211057619517,-2.031811538908629,0.06603126741001425,-0.032444400857258915,-0.06531809554872108,0.021427315087595634,-0.010054946348912908,0.23340215,0.11586787000000001,0.11245203933414369,0.014247972871726387,1.4010086587212327,0.07451180722256935,0.002407523776436873,0.014043096532436933,-0.008574678826774066,-0.016282886193252112,0.10047876,0.110657365,0.5399547756938227,0.03120913268107109,2.908098166191194,0.08007467935168588,-0.030362235012657234,0.0072211251021479135,-0.02322753552188129,-0.005131970526877795,0.559285999492781,0.08157946269331184,0.10310251396011882,0.015607431384615822,1.5265452886222852,0.019582704273006943,0.0006904196657753284,0.015592152997921795,-0.0009073943439704236,-0.003365316148564295,0.0929171561123133,0.023161599285729
691,present,Temporary ponds,243,0.3493808470639428,0.07847038597199013,-2.2959766683670804,0.066905252654337,-0.052047085660441424,-0.05872565324326139,-0.017864745922140095,-0.01458188785869914,0.35994622,0.11362021499999997,0.26333861880323256,0.03373138200904859,-2.0901228088901576,0.058796433730456565,-0.016740734227625762,-0.029284022089876353,-0.010102079320180028,-0.003030697130907183,0.26026112,0.07931984999999997,0.664411198151733,0.036184557178816294,-2.400659919732918,0.06346671094863185,-0.026698388572124913,-0.024423722604853985,-0.004505782849444572,-0.0014557353443060933,0.6784758110517781,0.07234838195847759,0.08253780620503337,0.005724925105277211,1.5155411192756267,0.013368078586842337,0.00031617098179426584,0.00571618783555129,0.00176968633859724,-0.003339337573123942,0.0807435948698099,0.015169255674304952
695,baseline,Swamp,100,0.3633979820878718,0.04237752953990247,0.8038636162471331,0.051008364328391474,0.02940703600320371,0.03051362389837672,0.003851389637941826,-0.02401812970823329,0.345458805,0.08394435499999997,0.17941927211754213,0.10931531936450584,0.8059352449462294,0.06571758811500311,0.07569394761183007,0.07886865881135185,0.011372126794618532,-0.0214713784337781,0.14816542,0.144130581,0.7223881812402121,0.007581674835415809,0.12226828153336046,0.04894415983106282,0.007525074153146811,0.0009246903804080253,-0.00540580426445653,-0.01113907129106201,0.732649687994327,0.05299730317687856,0.08753606902093894,0.005769763653451187,-2.936069925695528,0.011579208872046852,-0.005648335749354779,-0.0011774871036436805,0.001200965570261806,0.001081192135066251,0.0890978753829948,0.015052799116231627
695,present,Swamp,251,0.4738105908854889,0.009223361043087634,2.215896086816908,0.060750080601239216,-0.005545805499197533,0.007369832446956783,-0.017601177396156197,-0.0227742412893341,0.47494486,0.08147206499999993,0.23500008127288863,0.05786056786020434,0.6275128942664416,0.059270313257998856,0.04683756687322896,0.03397186545512502,-0.00938793813179118,-0.02730477757620179,0.22573532,0.10257875999999996,0.795668230567675,0.004438336961637443,2.4141020781114664,0.04895381328542306,-0.003314752046508668,0.002951483331344374,-0.010182842940676643,-0.00237840405959717,0.8054123998185222,0.039110104704508375,0.06850380759372116,0.004895470674266486,-2.1871238619203544,0.013611594484419742,-0.002829789172224181,-0.003994737333463359,0.0015452755527680054,-0.0024408935054072685,0.0678251339843866,0.013587354175308458
696,baseline,Swamp,100,0.3564390601719197,0.08871340262777719,0.7658531632542122,0.06170398963088263,0.06394384418076939,0.06149189049934625,-0.0006390200921076003,-0.018753792156595,0.31586835,0.1455434525,0.1663001906028762,0.1556430316510172,0.7854921526651966,0.07185487346796574,0.11004589853306204,0.11006658674443644,0.005439912554351115,-0.02819038409125282,0.11102846499999999,0.2058249075,0.7267291977720464,0.017365378640871176,0.9159965831225033,0.05406810906930463,0.01057552285536615,0.013773695643379559,-0.011014411988151982,-0.005248184889018547,0.7327190977813292,0.06896770908419114,0.09162051220360902,0.006558870575945791,-2.779097321180423,0.014324137210797788,-0.006132641515724613,-0.002325831307644301,0.003884471205273454,0.0016467823288360463,0.0910420040574013,0.017349706943244378
696,present,Swamp,252,0.43515316633990236,0.07357323462337315,1.1274278759966185,0.06950729742300903,0.03156178862170877,0.0664595693030318,-0.01946663566748408,-0.0029757551131488684,0.40908621,0.1309127425,0.17379626984583674,0.12725526993016595,0.8751044068906241,0.0687702302301723,0.08156002993139545,0.09768247152170792,-0.006567894802790347,-0.016979465288897225,0.15380103499999997,0.1954993875,0.7885872494099936,0.021276382866925903,1.4696378123132097,0.0532735831376539,0.0021486184199234473,0.021167614574759807,-0.0128613658762097,-0.0008508152361681834,0.7948668393097498,0.05668401562500247,0.0739008323537028,0.007582500072632149,-1.8382094497520145,0.015464742027962613,-0.0020035800303014684,-0.007313000370138355,0.0014713593071787974,-0.0013092711090420858,0.0737629301164256,0.017453196634181642
697,baseline,Temporary floodplain,92,0.35200424976627215,0.03522154852494787,0.699995201264182,0.050549298678593486,0.026939035098026726,0.02269021525862065,0.003279355079053649,-0.015378720578986742,0.33684005,0.0760318875,0.17455084812529967,0.08042266567650701,0.9036781820803133,0.059537576897987526,0.04975947770144237,0.06318068956093212,0.0029188839273719598,-0.01865301477735174,0.145663995,0.09956952500000002,0.7139269201480503,0.0036716230067675173,-1.141950153904685,0.05747832001143377,0.0015267406520407321,-0.003339143375961982,-0.014239594551170045,-0.004864323247317012,0.7248395657604599,0.07338206341419995,0.0847955699210624,0.006207228648200198,-3.1163427196807523,0.011804283615742461,-0.006205250015579243,-0.00015671545932379686,0.0017005547180077628,0.0004340377105285165,0.0852560270725813,0.016374594314593788
697,present,Temporary floodplain,253,0.5325468368056703,0.034556381357821395,-2.327110570633934,0.07002371962293008,-0.023714150937868897,-0.025135284717765934,-0.018573125630575216,-0.024733706073952012,0.5368423,0.08167860000000005,0.3258118600039813,0.03804813484764517,-1.567580435484148,0.05868581857790083,0.00012235845534216104,-0.03804793810172894,-0.014798871218581434,-0.0397423382905786,0.31900114,0.09476836,0.8098201898725276,0.009990599284863892,-2.300814400750842,0.05685869036539688,-0.006662561853359205,-0.007444618433532083,-0.011982507279219524,-0.005435525717305052,0.8259990332033876,0.04366224578085598,0.05986824431278257,0.002830493283427572,0.020613195221669822,0.013474798400723305,0.0028298919610196304,5.834137884100198e-05,0.0011816566935561768,-0.0008660933274990704,0.0561129751038028,0.0101855877380116
698,baseline,Temporary floodplain,90,0.06416379463718792,0.005611901846713705,2.398107333938891,0.017082732602539806,-0.004130999343859377,0.0037984584712988617,-0.0005171478574362466,0.005349425531172613,0.06585458999999999,0.020490134500000007,-0.048181907164574427,0.06563372040115237,0.05976867698199951,0.09803956032495935,0.06551652379843931,0.0039205054604197495,-0.008586785080278495,-0.022189041276987842,-0.075406205,0.0786242915,0.603599502778851,0.031245463569338133,3.090732167405023,0.06252607548282886,-0.031205059568594647,0.0015884744200949869,-0.0015402708183922006,0.018132681967666868,0.6225422322021263,0.05914445610189123,0.20457928383633547,0.016928113391177113,-1.7236091405574054,0.04164080544910433,-0.0025767765401041418,-0.01673084712878935,0.006747563779379861,0.0030151695673143355,0.20315285373998143,0.06334509165819308
698,present,Temporary floodplain,235,0.08296974795192842,0.005696195703223141,3.118285684921399,0.023373334842091673,-0.005694648644385029,0.0001327490354824724,-0.0006460809244841987,0.004055673939012701,0.08673659,0.027666884500000002,-0.017216398414429547,0.09594168435036998,0.4902455166596175,0.10894522440274698,0.08464141233603699,0.045173422648134544,0.012796448807092329,0.004148562617763466,-0.05796857,0.078534526,0.6288213819357085,0.01567249678990949,-3.091322611461427,0.05780695390367086,-0.01565269815567834,-0.0007875252865445601,-0.0022883028765979686,0.004436894760224385,0.6463111472677905,0.043223895707921955,0.19700455049070356,0.022950966088742447,-2.328584192080618,0.05195935304242531,-0.015774573687628954,-0.016670622945174244,-0.002424737575966722,0.010284506335908494,0.2069882772948748,0.07238838560416408
702,baseline,Temporary floodplain,86,0.152282394312144,0.009074216203435596,3.1103097200982974,0.02751554305238779,-0.00906977645204586,0.000283821804320114,-0.009897653463566403,-0.008993756108296403,0.150774195,0.032155402499999985,-0.03552721251877558,0.034786229124233625,0.49998819579790993,0.03991500070617035,0.03052798493470182,0.016677046276553236,-0.0046944804959213856,-0.01750120505867066,-0.043734545,0.0663459595,0.658810363622445,0.02017070095699817,-3.0464668614363712,0.03725405120049711,-0.020079508261711104,-0.0019158614418904138,-0.023810436252484416,-0.0017163099069101523,0.6692245749231079,0.04761708483534266,0.14944770124376622,0.013951252537099532,-2.410890452608654,0.02200360359827882,-0.010389580664865684,-0.009310964555950972,0.0051867656117625454,0.0002714260751493481,0.15486100211662973,0.03520133686997501
702,present,Temporary floodplain,238,0.2499584421768727,0.006564413833901941,-1.6486309572366462,0.03582540069788883,-0.000510422983717897,-0.0065445395071323164,-0.02877778271512944,0.0007797296025983765,0.247203745,0.057867317500000015,0.04443733614553453,0.03815126982548841,0.3031831199355766,0.04549226948101631,0.036411227591042365,0.011390429957228899,-0.01676207344361459,-0.0005472291987056605,0.032114805999999996,0.058133260299999996,0.7276990441519383,0.007825035259695036,1.5690816334273798,0.03906074795325365,1.34175294854049e-05,0.00782502375621781,-0.014157005293693911,0.007597400821213138,0.7302736682179305,0.035019432791269844,0.1235352514764194,0.011861208624324349,-2.7698989780814434,0.017933654138746296,-0.011051248788622351,-0.00430791947948419,0.005817740474436593,-0.007380597247411344,0.12449431009482465,0.024359631709712892
703,baseline,Temporary floodplain,81,0.1830501247648191,0.016373686609804455,-1.00207786995787,0.039174654708230484,0.008818092698067374,-0.013796334816333668,-0.003446875744298005,-0.013079656615766133,0.18641724,0.05659967000000002,0.007167775190349404,0.03744945129608928,0.10855784845735818,0.0537948534752724,0.03722900065325414,0.00405745150780208,-0.009308646343344695,-0.022370590452053737,-0.0062731993,0.08978415000000001,0.6622770078915076,0.00972019844065959,-1.4761787554025445,0.04291889488294466,0.0009183299149802468,-0.009676720926690687,-0.009136429116161606,-0.006491547469703784,0.6709798734487252,0.05674384631415874,0.1397149979619707,0.011219647751238682,3.1072026946090263,0.017825094029184283,-0.011213013838731117,0.00038576717628601825,0.0020600910343697913,0.0019901715688367067,0.1450713487391635,0.025675794867700275
703,present,Temporary floodplain,230,0.3045016062264657,0.06823582951479712,-1.8697055605382442,0.06895612342469483,-0.02009394939343761,-0.06521013439141515,-0.08045391890838048,0.025499367159128976,0.28254064,0.1323755225,0.08464904907726062,0.05780705438565096,-1.8702231115356334,0.0677951254038635,-0.017051493933032697,-0.055234971633896554,-0.0499596126010771,0.03567680164621189,0.0753745,0.13976176975,0.7301779301931702,0.02884241576716784,-2.063858497680135,0.043940156090383625,-0.013651851770932984,-0.025406926034265656,-0.03869144729876572,0.0035007632272487455,0.7289461867733532,0.05888759864425541,0.11966687762470109,0.010348410401226067,1.9631234732069496,0.021208529642476395,-0.003956608982075372,0.009562156827576315,0.012552216155682373,-0.010392988206639614,0.11742766641875041,0.03009607714278857
705,baseline,Temporary floodplain,93,0.41002531267625625,0.014394854840928782,-2.4410991325431564,0.05835074594253078,-0.01100521429358477,-0.009278852528394244,-0.015420743715575634,-0.025720184482116427,0.41284692,0.07824286000000003,0.21562568678906424,0.028460219390186968,0.6398202319119654,0.04802254361050929,0.022830876267192393,0.016992209291605533,0.005487919623175366,-0.038538530077246905,0.20903343,0.09525879000000001,0.7385760377363428,0.004362533034575298,1.381263410575346,0.0512902921972028,0.0008219020793864923,0.004284410280267393,-0.014742321565587933,-0.00046670613979280293,0.7488090579197464,0.05821082360489205,0.08474104973183923,0.005312926924689733,1.7925538758471866,0.012177918387942029,-0.001168548911379136,0.005182826058127722,0.004865898562021935,0.002143655598134912,0.0818739486955405,0.017966403895802105
705,present,Temporary floodplain,238,0.4799733909458177,0.01601067658863743,1.0178862602205845,0.1576079282844563,0.008408261626219792,0.013625083531890084,-0.18707827192880705,0.19360394686629592,0.49877344999999995,0.45190276999999995,0.20395658536620528,0.026253105353984747,2.9400777162662903,0.15531345828043014,-0.025721860160916557,0.005254659892864255,-0.11795005530562779,0.191019106817492,0.251742395,0.4062119458,0.7854954504829885,0.014080113565978061,2.2004481587894595,0.06469352500478862,-0.008291263447072053,0.01138000652381563,-0.0752863115487392,0.03951375990624771,0.8071550219655685,0.13555737517879995,0.0828129143674393,0.0013557555231584462,-0.1248994378386253,0.032530092463061926,0.0013451944584764487,-0.00016889318357733062,0.028748428093429538,-0.025743702268633276,0.07597471745969035,0.05887112041995367
